-- MySQL dump 10.13  Distrib 8.0.17, for Win64 (x86_64)
--
-- Host: 127.0.0.1    Database: inventario_db
-- ------------------------------------------------------
-- Server version	8.0.17

/*!40101 SET @OLD_CHARACTER_SET_CLIENT=@@CHARACTER_SET_CLIENT */;
/*!40101 SET @OLD_CHARACTER_SET_RESULTS=@@CHARACTER_SET_RESULTS */;
/*!40101 SET @OLD_COLLATION_CONNECTION=@@COLLATION_CONNECTION */;
/*!50503 SET NAMES utf8mb4 */;
/*!40103 SET @OLD_TIME_ZONE=@@TIME_ZONE */;
/*!40103 SET TIME_ZONE='+00:00' */;
/*!40014 SET @OLD_UNIQUE_CHECKS=@@UNIQUE_CHECKS, UNIQUE_CHECKS=0 */;
/*!40014 SET @OLD_FOREIGN_KEY_CHECKS=@@FOREIGN_KEY_CHECKS, FOREIGN_KEY_CHECKS=0 */;
/*!40101 SET @OLD_SQL_MODE=@@SQL_MODE, SQL_MODE='NO_AUTO_VALUE_ON_ZERO' */;
/*!40111 SET @OLD_SQL_NOTES=@@SQL_NOTES, SQL_NOTES=0 */;

--
-- Table structure for table `articulo`
--

DROP TABLE IF EXISTS `articulo`;
/*!40101 SET @saved_cs_client     = @@character_set_client */;
/*!50503 SET character_set_client = utf8mb4 */;
CREATE TABLE `articulo` (
  `id` bigint(20) unsigned NOT NULL AUTO_INCREMENT,
  `nombre` varchar(155) CHARACTER SET utf8mb4 COLLATE utf8mb4_unicode_ci NOT NULL,
  `codigo` varchar(8) CHARACTER SET utf8mb4 COLLATE utf8mb4_unicode_ci NOT NULL,
  `linea` enum('1','2','3') CHARACTER SET utf8mb4 COLLATE utf8mb4_unicode_ci NOT NULL,
  `partida_id` bigint(20) unsigned NOT NULL,
  `created_at` timestamp NULL DEFAULT NULL,
  `updated_at` timestamp NULL DEFAULT NULL,
  `deleted_at` timestamp NULL DEFAULT NULL,
  PRIMARY KEY (`id`),
  UNIQUE KEY `articulo_codigo_unique` (`codigo`),
  KEY `articulo_partida_id_foreign` (`partida_id`),
  CONSTRAINT `articulo_partida_id_foreign` FOREIGN KEY (`partida_id`) REFERENCES `partida` (`id`) ON DELETE RESTRICT ON UPDATE CASCADE
) ENGINE=InnoDB AUTO_INCREMENT=279 DEFAULT CHARSET=utf8mb4 COLLATE=utf8mb4_unicode_ci;
/*!40101 SET character_set_client = @saved_cs_client */;

--
-- Dumping data for table `articulo`
--

LOCK TABLES `articulo` WRITE;
/*!40000 ALTER TABLE `articulo` DISABLE KEYS */;
INSERT INTO `articulo` VALUES (1,'PAPEL MEMBRETADO TAMAÑO CARTA','25600001','3',1,'2021-01-10 04:42:22','2021-01-12 16:11:39',NULL),(2,'PAPEL MEMBRETADO TAMAÑO OFICIO','25600002','3',1,'2021-01-10 04:42:43','2021-01-12 16:11:33',NULL),(3,'FOLDER INSTITUCIONAL','25600003','3',1,'2021-01-10 04:43:03','2021-01-12 16:11:53',NULL),(4,'FOLDER KARDEX','25600004','3',1,'2021-01-10 04:43:38','2021-01-12 16:12:02',NULL),(5,'BASES DE MADERA CUADRADA','31300001','1',2,'2021-01-10 04:45:27','2021-01-12 16:13:39',NULL),(6,'BASE DE MADERA RECTACGULAR','31300002','1',2,'2021-01-10 04:45:37','2021-01-12 16:13:53',NULL),(7,'BLOCK DE PAPEL SABANA T/CARTA RAYADO','32100001','1',3,'2021-01-10 04:45:57','2021-01-12 16:14:18',NULL),(8,'PAPEL BOND BLANCO ALCALINO T/CARTA 75 GRS.','32100002','1',3,'2021-01-10 04:46:38','2021-01-04 18:59:01',NULL),(9,'PAPEL BOND BLANCO ALCALINO T/OFICIO 75 Grs.','32100003','1',3,'2021-01-10 04:47:03','2021-01-04 18:58:51',NULL),(10,'PAPEL CARBONICO COLOR AZUL T/OFICIO','32100004','1',3,'2021-01-10 04:47:22','2021-01-10 04:47:22',NULL),(11,'PAPEL CARBONICO COLOR NEGRO T/OFICIO','32100005','1',3,'2021-01-10 04:47:57','2021-01-12 16:16:45',NULL),(12,'PAPEL CONTINUO PLANILLERO 14-7/8x11x2 CON COPIA','32100006','1',3,'2021-01-10 04:48:32','2021-01-10 04:48:32',NULL),(13,'PAPEL COPIA T/OFICIO COLOR BLANCO','32100007','1',3,'2021-01-10 04:48:47','2021-01-12 16:17:00',NULL),(14,'PAPEL FOSFORESCENTE COLOR CELESTE','32100008','1',3,'2021-01-10 04:49:22','2021-01-10 04:49:22',NULL),(15,'PAPEL FOSFORESCENTE COLOR LECHUGA','32100009','1',3,'2021-01-10 04:49:35','2021-01-10 04:49:35',NULL),(16,'PAPEL FOSFORESCENTE COLOR ROSADO','32100010','1',3,'2021-01-10 04:49:50','2021-01-10 04:49:50',NULL),(17,'PAPEL LUSTRE COLOR AZUL','32100011','1',3,'2021-01-10 04:50:04','2021-01-10 04:50:04',NULL),(18,'PORTATITULOS T/OFICIO COLOR AZUL','25600005','3',1,'2021-01-12 16:13:06','2021-01-12 16:13:06',NULL),(19,'PAPEL BOND ECOLOGICO T/OFICIO','32100012','1',3,'2021-01-12 16:16:18','2021-01-12 16:16:18',NULL),(20,'PAPEL DE COLOR','32100013','1',3,'2021-01-12 16:17:30','2021-01-12 16:48:54',NULL),(21,'PAPEL DE COLOR T/CARTA','32100014','1',3,'2021-01-12 16:17:52','2021-01-12 16:17:52',NULL),(22,'PAPEL DE COLOR T/OFICIO','32100015','1',3,'2021-01-12 16:18:07','2021-01-12 16:18:07',NULL),(23,'PAPEL KRAFT','32100016','1',3,'2021-01-12 16:19:16','2021-01-12 16:19:16',NULL),(24,'PAPEL MADERA','32100017','1',3,'2021-01-12 16:19:41','2021-01-12 16:19:41',NULL),(25,'PAPEL PARA FAX  DE 210 MM x 30 M','32100018','1',3,'2021-01-12 16:20:15','2021-01-12 16:20:15',NULL),(26,'PAPEL PARA WINCHADORA','32100019','1',3,'2021-01-12 16:20:34','2021-01-12 16:20:34',NULL),(27,'PAPEL PERIODICO  DE 48.8 Grs DE 87 x 67 CMS','32100020','1',3,'2021-01-12 16:22:49','2021-01-12 16:22:49',NULL),(28,'PAPEL QUIMICO CONTINUO T/C (1000H)','32100021','1',3,'2021-01-12 16:24:46','2021-01-12 16:24:46',NULL),(29,'PAPEL SABANA','32100022','1',3,'2021-01-12 16:26:12','2021-01-12 16:26:12',NULL),(30,'ARCHIVADOR PALANCA T/OFICIO','32200001','1',4,'2021-01-12 16:27:10','2021-01-12 16:27:10',NULL),(31,'ARCHIVADOR PALANCA TAMAÑO 1/2 OFICIO','32200002','1',4,'2021-01-12 16:28:08','2021-01-12 16:28:08',NULL),(32,'ARCHIVADOR RÁPIDO DE CARTÓN T/OFICIO','32200003','1',4,'2021-01-12 16:29:00','2021-01-12 16:29:00',NULL),(33,'CARTULINA COLOR BLANCO','32200004','1',4,'2021-01-12 16:29:38','2021-01-12 16:29:38',NULL),(34,'CARTULINA CUCHÉ T/OFICIO','32200005','1',4,'2021-01-12 16:30:02','2021-01-12 16:30:02',NULL),(35,'CARTULINA HILADA T/CARTA','32200006','1',4,'2021-01-12 16:30:29','2021-01-12 16:30:29',NULL),(36,'CARTULINA HILADA T/OFICIO','32200007','1',4,'2021-01-12 16:30:44','2021-01-12 16:30:44',NULL),(37,'CUADERNO EN ESPIRAL T/OFICIO DE 100 hojas','32200008','1',4,'2021-01-12 16:31:33','2021-01-12 16:31:33',NULL),(38,'EXFOLIADOR 2005','32200009','1',4,'2021-01-12 16:32:00','2021-01-12 16:32:00',NULL),(39,'FOLDER CON BOLSILLO T/OFICIO CON ADHESIVO','32200010','1',4,'2021-01-12 16:32:41','2021-01-12 16:32:41',NULL),(40,'PAPEL ADHESIVO','32200011','1',4,'2021-01-12 16:33:30','2021-01-12 16:33:30',NULL),(41,'PAPEL ADHESIVO PARA C.D','32200012','1',4,'2021-01-12 16:33:51','2021-01-12 16:33:51',NULL),(42,'PAPEL MEMBRETADO T/OFICIO IMPRESO COLOR AZUL \"UP\"','32200013','1',4,'2021-01-12 16:54:53','2021-01-12 16:54:53',NULL),(43,'ROLLO DE PAPEL DE 2 1/4\" DE 57 MM','32200014','1',4,'2021-01-12 16:55:59','2021-01-12 16:55:59',NULL),(44,'SOBRE KRAFT DOBLE CARTA 30x40 cm','32200015','1',4,'2021-01-12 16:56:37','2021-01-12 16:56:37',NULL),(45,'SOBRE MANILA 1/2 OFICIO','32200016','1',4,'2021-01-12 16:57:39','2021-01-13 19:24:17',NULL),(46,'SOBRE MANILA T/PEQUEÑO','32200017','1',4,'2021-01-12 16:58:07','2021-01-17 02:43:53',NULL),(47,'SOBRE MANILA T/CARTA','32200018','1',4,'2021-01-12 16:58:34','2021-01-12 16:58:34',NULL),(48,'SOBRE MANILA T/DOBLE OFICIO','32200019','1',4,'2021-01-12 16:59:44','2021-01-12 16:59:44',NULL),(49,'SOBRE MANILA T/OFICIO','32200020','1',4,'2021-01-12 17:00:03','2021-01-12 17:00:03',NULL),(50,'SOBRE MEMBRETADO T/OFICIO','32200021','1',4,'2021-01-12 17:00:39','2021-01-12 17:00:39',NULL),(51,'SOBRE MEMBRETADO T/CARTA','32200022','1',4,'2021-01-12 17:00:49','2021-01-12 17:00:49',NULL),(52,'SOBRE OFICIO BLANCO','32200023','1',4,'2021-01-12 17:01:21','2021-01-12 17:01:21',NULL),(53,'SOBRE TAMAÑO ESQUELA','32200024','1',4,'2021-01-12 17:01:54','2021-01-12 17:01:54',NULL),(54,'ALCOHOL DE 96º','34200001','1',6,'2021-01-12 17:02:30','2021-01-12 17:02:30',NULL),(55,'ALCOHOL EN GEL','34200002','1',6,'2021-01-12 17:03:17','2021-01-12 17:03:17',NULL),(56,'BARNIS DE 3.5 LITROS','34200003','1',6,'2021-01-12 17:03:53','2021-01-12 17:03:53',NULL),(57,'BAYGON','34200004','1',6,'2021-01-12 17:04:04','2021-01-12 17:04:04',NULL),(58,'CARPICOLA DE 1 LITRO','34200005','1',6,'2021-01-12 17:04:29','2021-01-12 17:04:29',NULL),(59,'MEMBREANA ASFÁLTICA DE 30 cm','34200006','2',6,'2021-01-12 17:05:01','2021-01-12 17:05:01',NULL),(60,'PASTA TERMICA','34200007','1',6,'2021-01-12 17:05:37','2021-01-12 17:05:37',NULL),(61,'PEGAMENTO \"LA GOTITA\" DE 2ML','34200008','1',6,'2021-01-12 17:06:16','2021-01-12 17:06:16',NULL),(62,'PIGMENTO COLOR NEGRO','34200009','1',6,'2021-01-12 17:06:32','2021-01-12 17:06:32',NULL),(63,'PINTURA LATEX (BALDE DE 18 Litros)','34200010','1',6,'2021-01-12 17:07:25','2021-01-12 17:07:25',NULL),(64,'SELLA ROSCA','34200011','1',6,'2021-01-12 17:07:41','2021-01-12 17:07:41',NULL),(65,'SODA CAUSTICA','34200012','1',6,'2021-01-12 17:08:18','2021-01-12 17:08:18',NULL),(66,'LLANTA PARA CARRETILLA','34300001','1',14,'2021-01-12 17:11:32','2021-01-12 17:11:32',NULL),(67,'ARNÉZ DE CUERO Y LONA','34400001','1',15,'2021-01-12 17:14:06','2021-01-12 17:14:06',NULL),(68,'GUANTE DE CUERO','34400002','1',15,'2021-01-12 17:14:25','2021-01-12 17:14:25',NULL),(69,'1/2 BATERIAS ENTRADA DE BAÑO','34500001','1',7,'2021-01-12 17:15:42','2021-01-12 17:15:42',NULL),(70,'CEMENTO BLANCO','34500002','2',7,'2021-01-12 17:16:05','2021-01-12 17:16:05',NULL),(71,'CHICOTILLO DE LAVAMANOS DE 40 cm','34500003','1',7,'2021-01-12 17:16:37','2021-01-12 17:16:37',NULL),(72,'HILO NYLON PARA DESBROSADORA DE 3.3MM','34500004','1',7,'2021-01-12 17:17:59','2021-01-12 17:17:59',NULL),(73,'LAMINAS PARA PLASTIFICAR','34500005','1',7,'2021-01-12 17:18:35','2021-01-12 17:18:35',NULL),(74,'POLITUBO DE 2 PULGADAS','34500006','1',7,'2021-01-12 17:19:02','2021-01-12 17:19:02',NULL),(75,'TACOS FISHER NO. 6','34500007','1',7,'2021-01-12 17:19:51','2021-01-12 17:19:51',NULL),(76,'TAPONES HEMBRA DE 1/2\" PVC.','34500008','1',7,'2021-01-12 17:20:35','2021-01-12 17:20:35',NULL),(77,'YESO PARA CONTRUCCIÓN','34500009','2',7,'2021-01-12 17:20:57','2021-01-12 17:20:57',NULL),(78,'ALICATE DE PRESIÓN','34600001','1',8,'2021-01-12 17:22:58','2021-01-12 17:22:58',NULL),(79,'CANDADO MEDIANO','34600002','1',8,'2021-01-12 17:23:21','2021-01-12 17:23:21',NULL),(80,'CLAVOS DE METAL de 2 1/2\"','34600003','1',8,'2021-01-12 17:23:43','2021-01-12 17:23:43',NULL),(81,'CLAVOS DE METAL DE 3\"','34600004','1',8,'2021-01-12 17:24:02','2021-01-12 17:24:02',NULL),(82,'JALADORES PEQUEÑOS','34600005','1',8,'2021-01-12 17:24:17','2021-01-12 17:24:17',NULL),(83,'LLAVE CRECEN','34600006','1',8,'2021-01-12 17:24:51','2021-01-12 17:24:51',NULL),(84,'LLAVE DE PASO 1/2\"','34600007','1',8,'2021-01-12 17:25:06','2021-01-12 17:25:06',NULL),(85,'LLAVE STILZON GRANDE','34600008','1',8,'2021-01-12 17:25:29','2021-01-12 17:25:29',NULL),(86,'PICAPORTE DE 4\"','34600009','1',8,'2021-01-12 17:25:43','2021-01-12 17:25:43',NULL),(87,'PICAPORTES METÁLICOS DE 3\" T/PEQUEÑO','34600010','1',8,'2021-01-12 17:26:19','2021-01-12 17:26:19',NULL),(88,'TORNILLO 6x31','34600011','1',8,'2021-01-12 17:26:37','2021-01-12 17:26:37',NULL),(89,'UNIÓN PATENTE DE 1\"','34600012','1',8,'2021-01-12 17:27:23','2021-01-12 17:27:23',NULL),(90,'UNION PATENTE DE 1/2\" GALVANIZADO','34600013','1',8,'2021-01-12 17:27:43','2021-01-12 17:27:43',NULL),(91,'DISCO DE CORTE PARA AMOLADORA DE 7\"','34800001','1',9,'2021-01-12 17:28:21','2021-01-12 17:28:21',NULL),(92,'JUEGO DE DESARMADORES PARA ELECTRICIDAD','34800002','1',9,'2021-01-12 17:28:40','2021-01-12 17:28:40',NULL),(93,'OZA CON MANGO DE 1,2M','34800003','1',9,'2021-01-12 17:29:20','2021-01-12 17:29:20',NULL),(94,'OZA CON SIERRA','34800004','1',9,'2021-01-12 17:29:45','2021-01-12 17:29:45',NULL),(95,'AMBIENTADOR EN SPRAY','39100001','1',10,'2021-01-12 17:30:12','2021-01-12 17:30:12',NULL),(96,'ANTIGRASA DE 830 ml','39100002','1',10,'2021-01-12 17:30:29','2021-01-12 17:30:29',NULL),(97,'ARAGÁN DE 30 cm SOLO GOMA','39100003','1',10,'2021-01-12 17:31:07','2021-01-12 17:31:07',NULL),(98,'VIRUTILLA GRUESA','39100004','1',10,'2021-01-12 17:31:20','2021-01-04 18:18:35',NULL),(99,'BOLSA PARA BASURA NEGRA GRANDE','39100005','1',10,'2021-01-12 17:31:39','2010-01-01 06:17:41',NULL),(100,'BOMBRIL PAQUETE DE 8 UNIDADES','39100006','1',10,'2021-01-12 17:32:56','2021-01-12 17:32:56',NULL),(101,'CEPILLO DE PLASTICO PARA INODORO','39100007','1',10,'2021-01-12 17:33:23','2021-01-12 17:33:23',NULL),(102,'CERA PARA PISO DE MADERA','39100008','1',10,'2021-01-12 17:33:39','2021-01-12 17:33:39',NULL),(103,'CREOLINA, DESINFECTANTE','39100009','1',10,'2021-01-12 17:34:06','2021-01-12 17:34:06',NULL),(104,'DETERGENTE EN POLVO DE 800g','39100010','1',10,'2021-01-12 17:34:46','2021-01-12 17:34:46',NULL),(105,'DETERGENTE VAGILLERO DE 5 Litros','39100011','1',10,'2021-01-12 17:35:19','2021-01-12 17:35:19',NULL),(106,'ESCOBA DE PAJA CON MANGO DE MADERA','39100012','1',10,'2021-01-12 17:36:15','2021-01-12 17:36:15',NULL),(107,'ESCOBA DE PAJA DE MANO','39100013','1',10,'2021-01-12 17:36:29','2021-01-12 17:36:29',NULL),(108,'ESCOBA PLÁSTICA MAS PALO','39100014','1',10,'2021-01-12 17:37:01','2021-01-12 17:37:01',NULL),(109,'ESCOBILLÓN PARA PISO DE MADERA','39100015','1',10,'2021-01-12 17:37:19','2021-01-12 17:37:19',NULL),(110,'ESCURRIDORA MÁS FREGONA DE HILO CON PALO','39100016','1',10,'2021-01-12 17:37:57','2021-01-12 17:37:57',NULL),(111,'ESPONJA P/VAGILLA, T/MEDIANO AMARILLO Y VERDE','39100017','1',10,'2021-01-12 17:39:16','2021-01-12 17:39:16',NULL),(112,'FRANELA DE ALGODÓN COLOR ANARANJADO','39100018','1',10,'2021-01-12 17:39:59','2021-01-12 17:39:59',NULL),(113,'FREGONA DE HILO SIN PALO','39100019','1',10,'2021-01-12 17:40:25','2021-01-12 17:40:25',NULL),(114,'GOMA PARA TRAPEAR DE 60cm','39100020','1',10,'2021-01-12 17:40:41','2021-01-12 17:40:41',NULL),(115,'GUANTES DE GOMA PARA LIMPIEZA','39100021','1',10,'2021-01-12 17:41:19','2010-01-01 04:13:07',NULL),(116,'JABÓN LIQUIDO DE 1 Litro','39100022','1',10,'2021-01-12 17:42:22','2021-01-12 17:42:22',NULL),(117,'LAVANDINA','39100023','1',10,'2021-01-12 17:42:44','2021-01-12 17:42:44',NULL),(118,'LAVANDINA \"X5\" DE 4 Litros','39100024','1',10,'2021-01-12 17:43:08','2021-01-12 17:43:08',NULL),(119,'LEVANTA BASURA DE LATA C/MANGO DE MADERA','39100025','1',10,'2021-01-12 17:43:55','2021-01-12 17:43:55',NULL),(120,'LIMPIA VIDRIO CON GATILLO  DE 900 ml','39100026','1',10,'2021-01-12 17:44:27','2021-01-04 18:09:09',NULL),(121,'LIMPIADOR DESINFECTANTE DE 5 Litros','39100027','1',10,'2021-01-12 17:44:53','2021-01-12 17:44:53',NULL),(122,'PAPEL HIGIENICO','39100028','1',10,'2021-01-12 17:45:21','2021-01-12 17:45:21',NULL),(123,'PAPEL HIGIÉNICO HOJA DOBLE COLOR BLANCO \"SCOTT\"','39100029','1',10,'2021-01-12 17:46:17','2021-01-12 17:46:17',NULL),(124,'REPASADOR DE COCINA  TAMAÑO GRANDE','39100030','1',10,'2021-01-12 17:47:28','2021-01-12 17:47:28',NULL),(125,'REPASADORES DE COCINA T/STANDART','39100031','1',10,'2021-01-12 17:48:35','2021-01-12 17:48:35',NULL),(126,'TRAPO PARA PISO BRASILERO','39100032','1',10,'2021-01-12 17:49:06','2021-01-12 17:49:06',NULL),(127,'ABRE CARTA METÁLICO','39500001','1',11,'2021-01-12 17:49:39','2021-01-12 17:49:39',NULL),(128,'ACETATO T/CARTA','39500002','1',11,'2021-01-12 17:50:00','2021-01-12 17:50:00',NULL),(129,'ACETATO T/CARTA PARA FOTOCOPIAR','39500003','1',11,'2021-01-12 17:50:29','2021-01-12 17:50:29',NULL),(130,'ACETATO T/OFICIO PARA FOTOCOPIAR','39500004','1',11,'2021-01-12 17:51:15','2021-01-12 17:51:15',NULL),(131,'ALMOADILLA PARA PIZARRA ACRILICA','39500005','1',11,'2021-01-12 17:51:59','2021-01-12 17:51:59',NULL),(132,'ANILLOS PARA HOJAS (ESPIRAL)','39500006','1',11,'2021-01-12 17:52:25','2021-01-12 17:52:25',NULL),(133,'ANILLOS EN ESPIRAL N45','39500007','1',11,'2021-01-12 17:52:47','2021-01-12 17:52:47',NULL),(134,'BOLÍGRAFO COLOR AZUL','39500008','1',11,'2021-01-12 17:53:22','2021-01-12 17:53:22',NULL),(135,'BOLÍGRAFO COLOR ROJO','39500009','1',11,'2021-01-12 17:53:34','2021-01-12 17:53:34',NULL),(136,'BOLÍGRAFO NEGRO','39500010','1',11,'2021-01-12 17:54:00','2021-01-12 17:54:00',NULL),(137,'BOLÍGRAFO VERDE','39500011','1',11,'2021-01-12 17:54:31','2021-01-12 17:54:31',NULL),(138,'BORRADOR DE TINTA 505 TR','39500012','1',11,'2021-01-12 17:54:50','2021-01-12 17:54:50',NULL),(139,'BORRADOR PARA LÁPIZ FORMA CUADRADA','39500013','1',11,'2021-01-12 17:55:28','2021-01-12 17:55:28',NULL),(140,'C.D.','39500014','1',11,'2021-01-12 17:55:49','2021-01-12 17:55:49',NULL),(141,'CAJA PARA DVD O CD','39500015','1',11,'2021-01-12 17:56:01','2021-01-12 17:56:01',NULL),(142,'CARTUCHO (TINTA) HP 51645 COLOR NEGRO','39500016','1',11,'2021-01-12 17:58:12','2021-01-12 17:58:12',NULL),(143,'CARTUCHO BC 21 COLOR NEGROº','39500017','1',11,'2021-01-12 17:58:37','2021-01-12 17:58:37',NULL),(144,'CARTUCHO CANON 140','39500018','1',11,'2021-01-12 17:59:08','2021-01-12 17:59:08',NULL),(145,'CARTUCHO CANON 141','39500019','1',11,'2021-01-12 17:59:26','2021-01-12 17:59:26',NULL),(146,'CARTUCHO CANON 211 COLOR','39500020','1',11,'2021-01-12 17:59:51','2021-01-12 17:59:51',NULL),(147,'CARTUCHO CANON 40 NEGRO','39500021','1',11,'2021-01-12 18:00:10','2021-01-12 18:00:10',NULL),(148,'CARTUCHO CANON 41 COLOR','39500022','1',11,'2021-01-12 18:00:31','2021-01-12 18:00:31',NULL),(149,'CARTUCHO CANON PG-30 NEGRO','39500023','1',11,'2010-01-01 04:32:38','2010-01-01 04:32:38',NULL),(150,'CARTUCHO HP 51641 A COLOR','39500024','1',11,'2010-01-01 04:33:17','2010-01-01 04:33:17',NULL),(151,'CARTUCHO HP- 51629 A COLOR','39500025','1',11,'2010-01-01 04:34:14','2010-01-01 04:34:14',NULL),(152,'CARTUCHO TINTA BC-20 NEGRO DE 44 ml','39500026','1',11,'2010-01-01 04:35:22','2010-01-01 04:35:22',NULL),(153,'CARTUCHO TINTA C8727 (A) NEGRO','39500027','1',11,'2010-01-01 04:35:54','2010-01-01 04:35:54',NULL),(154,'CARTUCHO TINTA HP 15 DE25ml NEGRO','39500028','1',11,'2010-01-01 04:36:39','2010-01-01 04:36:39',NULL),(155,'CASSETS DE 60 MINUTOS','39500029','1',11,'2010-01-01 04:37:07','2010-01-01 04:37:07',NULL),(156,'CASSETS DE 90 MIN. EN BLANCO','39500030','1',11,'2010-01-01 04:37:29','2010-01-01 04:37:29',NULL),(157,'CASSETS VHS SAMSUNG','39500031','1',11,'2010-01-01 04:37:55','2010-01-01 04:37:55',NULL),(158,'CHINCHES CON CABEZITA DE COLOR','39500032','1',11,'2010-01-01 04:38:21','2010-01-01 04:38:21',NULL),(159,'CHINCHES METÁLICOS X 50 UNIDADES','39500033','1',11,'2010-01-01 04:39:16','2010-01-01 04:39:16',NULL),(160,'CINTA DE EMBALAJE DE 100 YARDAS','39500034','1',11,'2010-01-01 04:39:46','2010-01-01 04:39:46',NULL),(161,'CINTA EPSON NO. 7754','39500035','1',11,'2010-01-01 04:40:07','2010-01-01 04:40:07',NULL),(162,'CINTA MATRICIAL EPSON LQ 2070-S015086','39500036','1',11,'2010-01-01 04:42:18','2010-01-01 04:42:18',NULL),(163,'CINTA MATRICIAL LQ-590','39500037','1',11,'2010-01-01 04:42:49','2010-01-01 04:42:49',NULL),(164,'CINTA PARA IMPRESORA EPSON NO. 8755','39500038','1',11,'2010-01-01 04:43:20','2010-01-01 04:43:20',NULL),(165,'CINTA NEGRA PARA MAQUINA DE ESCRIBIR','39500039','1',11,'2010-01-01 04:45:18','2010-01-01 04:45:18',NULL),(166,'CLIPS DE 33 MM','39500040','1',11,'2010-01-01 04:45:40','2010-01-01 04:45:40',NULL),(167,'CLIPS DE 78 MM','39500041','1',11,'2010-01-01 04:45:55','2010-01-01 04:45:55',NULL),(168,'CLÍPS METÁLICOS DE 50 MM','39500042','1',11,'2010-01-01 04:47:00','2010-01-01 04:47:00',NULL),(169,'COBERTORES DE PLÁSTICO P/IMPRESORA CARRO CORTO','39500043','1',11,'2010-01-01 04:57:07','2010-01-01 04:57:07',NULL),(170,'COBERTORES DE PLÁSTICO P/IMPRESORA CARRO LARGO','39500044','1',11,'2010-01-01 04:57:17','2010-01-01 04:57:17',NULL),(171,'CORRECTOR EN CINTA','39500045','1',11,'2010-01-01 04:57:51','2010-01-01 04:57:51',NULL),(172,'CUADERNO EN ESPIRAL T/CARTA','39500046','1',11,'2010-01-01 04:58:35','2010-01-01 04:58:35',NULL),(173,'DISKETTS DE ALTA DENSIDAD DE 3 1/2\" SONY','39500047','1',11,'2010-01-01 04:59:15','2010-01-01 04:59:15',NULL),(174,'DIUREX O SCOCH PEQUEÑO','39500048','1',11,'2010-01-01 05:00:05','2010-01-01 05:00:05',NULL),(175,'DVD','39500049','1',11,'2010-01-01 05:00:38','2010-01-01 05:00:38',NULL),(176,'ENGRAMPADORA MEDIANA','39500050','1',11,'2010-01-01 05:00:53','2010-01-01 05:00:53',NULL),(177,'ESTILETE TAMAÑO GRANDE','39500051','1',11,'2010-01-01 05:01:16','2010-01-01 05:01:16',NULL),(178,'EXFOLIADOR 2006','39500052','1',11,'2010-01-01 05:01:32','2010-01-01 05:01:32',NULL),(179,'FOLDER AMARILLO T/OFICIO DE 256 g','39500053','1',11,'2010-01-01 05:02:14','2010-01-01 05:02:14',NULL),(180,'FOLDER CON LIGA DE PLASTICO','39500054','1',11,'2010-01-01 05:02:29','2010-01-01 05:02:29',NULL),(181,'FOLDER PLASTICO A PRESIÓN','39500055','1',11,'2010-01-01 05:02:54','2010-01-01 05:02:54',NULL),(182,'FUNDAS PLÁSTICAS  PARA C.D O DVD','39500056','1',11,'2010-01-01 05:04:04','2010-01-01 05:04:04',NULL),(183,'FUNDAS PLÁSTICAS T/OFICIO','39500057','1',11,'2010-01-01 05:04:31','2010-01-01 05:04:31',NULL),(184,'GRAPAS 23/10 (cajita 1000 pzas)','39500058','1',11,'2010-01-01 05:05:22','2010-01-01 05:05:22',NULL),(185,'GRAPAS 23/17','39500059','1',11,'2010-01-01 05:05:56','2010-01-01 05:05:56',NULL),(186,'GRAPAS 24/6','39500060','1',11,'2010-01-01 05:06:17','2010-01-01 05:06:17',NULL),(187,'GRAPAS 26/6','39500061','1',11,'2010-01-01 05:06:45','2010-01-01 05:06:45',NULL),(188,'GRAPAS Nº 10','39500062','1',11,'2010-01-01 05:07:14','2010-01-01 05:07:14',NULL),(189,'GRAPAS PARA PLASTIFICAR T/CARNETE','39500063','1',11,'2010-01-01 05:07:31','2010-01-01 05:07:31',NULL),(190,'LAPIZ BORRADOR CON PINCEL PARA TINTA','39500064','1',11,'2010-01-01 05:07:52','2010-01-01 05:10:52',NULL),(191,'LAPIZ DE COLOR AZUL','39500065','1',11,'2010-01-01 05:08:41','2010-01-01 05:08:41',NULL),(192,'LAPIZ DE COLOR NEGRO','39500066','1',11,'2010-01-01 05:09:13','2010-01-01 05:10:40',NULL),(193,'LAPIZ DE COLOR ROJO','39500067','1',11,'2010-01-01 05:09:36','2010-01-01 05:10:22',NULL),(194,'LAPIZ DE COLOR VERDE','39500068','1',11,'2010-01-01 05:11:16','2010-01-01 05:11:16',NULL),(195,'LIBRO DE ACTAS T/OFICIO','39500069','1',11,'2010-01-01 05:11:41','2010-01-01 05:11:41',NULL),(196,'MARCADOR DE AGUA COLOR VERDE','39500070','1',11,'2010-01-01 05:12:11','2010-01-01 05:12:11',NULL),(197,'MARCADOR DE AGUA RECARGABLE AZUL','39500071','1',11,'2010-01-01 05:12:36','2010-01-01 05:12:36',NULL),(198,'MARCADOR DE AGUA RECARGABLE NEGRO','39500072','1',11,'2010-01-01 05:13:00','2010-01-01 05:13:00',NULL),(199,'MARCADOR DE AGUA RECARGABLE ROJO','39500073','1',11,'2010-01-01 05:13:15','2010-01-01 05:13:15',NULL),(200,'MARCADOR DELGADO FC FIESTA COLOR AZUL','39500074','1',11,'2010-01-01 05:15:15','2010-01-01 05:15:45',NULL),(201,'MARCADOR DELGADO FC FIESTA COLOR VERDE','39500075','1',11,'2010-01-01 05:16:06','2010-01-01 05:16:06',NULL),(202,'MARCADOR DELGADO PARA CD','39500076','1',11,'2010-01-01 05:16:28','2010-01-01 05:16:28',NULL),(203,'MARCADOR PERMANENTE C/PUNTA GRUESA ROJO','39500077','1',11,'2010-01-01 05:17:17','2010-01-01 05:17:17',NULL),(204,'MARCADOR PERMANENTE VERDE C/PUNTA BISEL','39500078','1',11,'2010-01-01 05:17:39','2010-01-01 05:17:39',NULL),(205,'MARCADOR PERMANENTE DELGADO VERDE P/ACETATO','39500079','1',11,'2010-01-01 05:18:26','2010-01-01 05:18:26',NULL),(206,'MASKIN ADHESIVO COLOR CREMA DE 18 MM','39500080','1',11,'2010-01-01 05:18:55','2010-01-01 05:18:55',NULL),(207,'MICROPUNTA \"PILOT\" G-1 COLOR  AZUL','39500081','1',11,'2010-01-01 05:19:32','2010-01-01 05:19:32',NULL),(208,'MINAS PARA PORTAMINAS','39500082','1',11,'2010-01-01 05:20:52','2010-01-01 05:20:52',NULL),(209,'PEGAMENTO EN BARRA DE 21 g','39500083','1',11,'2010-01-01 05:21:20','2021-01-18 22:33:54',NULL),(210,'PERFORADORA MEDIANA','39500084','1',11,'2010-01-01 05:21:42','2010-01-01 05:21:42',NULL),(211,'PORTA CLIPS TAMAÑO MEDIANO','39500085','1',11,'2010-01-01 05:22:31','2010-01-01 05:22:31',NULL),(212,'PORTA DISKETT AIDATA PARA 50 U. 3.5 \"','39500086','1',11,'2010-01-01 05:23:42','2010-01-01 05:23:42',NULL),(213,'POST NOTAS','39500087','1',11,'2010-01-01 05:25:31','2010-01-01 05:25:31',NULL),(214,'RADEX EN PAPEL PARA MAQUINA DE ESCRIBIR','39500088','1',11,'2010-01-01 05:25:58','2010-01-01 05:25:58',NULL),(215,'RECARGA PARA TONER SAMSUNG ML 1710','39500089','1',11,'2010-01-01 05:26:30','2010-01-01 05:26:30',NULL),(216,'REGLA PLASTICA DE 30 cm','39500090','1',11,'2010-01-01 05:26:58','2010-01-01 05:26:58',NULL),(217,'RESALTADOR','39500091','1',11,'2010-01-01 05:27:12','2010-01-01 05:27:12',NULL),(218,'SACA GRAPAS METALICO','39500092','1',11,'2010-01-01 05:28:47','2010-01-01 05:28:47',NULL),(219,'DIUREX O SCOCH MEDIANO','39500093','1',11,'2010-01-01 05:29:19','2010-01-01 05:29:19',NULL),(220,'SELLO DE MADERA MAS GOMA','39500094','1',11,'2010-01-01 05:29:49','2010-01-01 05:29:49',NULL),(221,'SELLO FECHADOR SIMPLE (dia,mes,año)','39500095','1',11,'2010-01-01 05:30:32','2010-01-01 05:30:32',NULL),(222,'SELLO LINEAL DE MADERA','39500096','1',11,'2010-01-01 05:31:04','2010-01-01 05:31:04',NULL),(223,'SEÑALADORES DE BANDERITAS TIPO FLECHA','39500097','1',11,'2010-01-01 05:32:59','2010-01-01 05:32:59',NULL),(224,'SUJETA PAPEL 32 MM','39500098','1',11,'2010-01-01 05:33:51','2010-01-01 05:33:51',NULL),(225,'SUJETA PAPEL 51 MM','39500099','1',11,'2010-01-01 05:34:05','2010-01-01 05:34:05',NULL),(226,'SUJETA PAPEL 51 MM (MARIPOSA)','39500100','1',11,'2010-01-01 05:34:32','2021-01-17 04:11:30',NULL),(227,'TAMPO COLOR NEGRO','39500101','1',11,'2010-01-01 05:34:43','2010-01-01 05:34:43',NULL),(228,'TAMPO COLOR ROJO CON TAPA Nº 3','39500102','1',11,'2010-01-01 05:35:08','2010-01-01 05:35:08',NULL),(229,'TAMPO NEUTRO','39500103','1',11,'2010-01-01 05:35:41','2010-01-01 05:35:41',NULL),(230,'TAMPO PARA ESTUCHE 4911','39500104','1',11,'2010-01-01 05:35:53','2010-01-01 05:35:53',NULL),(231,'TAPAS PARA ANILLADO DE COLOR','39500105','1',11,'2010-01-01 05:36:18','2010-01-01 05:36:18',NULL),(232,'TAPAS PARA ANILLAR DE COLOR T/CARTA','39500106','1',11,'2010-01-01 05:37:06','2010-01-01 05:37:06',NULL),(233,'TAPAS PARA ANILLAR T/OFICIO','39500107','1',11,'2010-01-01 05:37:33','2010-01-01 05:37:33',NULL),(234,'TIJERA METALICA ECOWORD','39500108','1',11,'2010-01-01 05:38:39','2010-01-01 05:38:39',NULL),(235,'TINTA PARA IMPRESORA COLOR ROJO','39500109','1',11,'2010-01-01 05:39:10','2010-01-01 05:39:46',NULL),(236,'TINTA PARA IMPRESORA COLOR AZUL','39500110','1',11,'2010-01-01 05:40:10','2010-01-01 05:40:10',NULL),(237,'TINTA PARA IMPRESORA COLOR NEGRO','39500111','1',11,'2010-01-01 05:40:18','2010-01-01 05:40:18',NULL),(238,'TINTA PARA IMPRESORA EPSON COLOR AMARILLO','39500112','1',11,'2010-01-01 05:42:10','2010-01-01 05:42:10',NULL),(239,'TINTA PARA TAMPO AZUL','39500113','1',11,'2010-01-01 05:42:50','2010-01-01 05:42:50',NULL),(240,'TINTA PARA TAMPO NEGRO','39500114','1',11,'2010-01-01 05:43:26','2010-01-01 05:43:26',NULL),(241,'TINTA PARA TAMPO ROJO','39500115','1',11,'2010-01-01 05:43:53','2010-01-01 05:43:53',NULL),(242,'TIZAS DE COLOR BLANCO','39500116','1',11,'2010-01-01 05:44:44','2010-01-01 05:44:44',NULL),(243,'TIZAS DE COLORES','39500117','1',11,'2010-01-01 05:44:58','2010-01-01 05:44:58',NULL),(244,'TONER 36A','39500118','1',11,'2010-01-01 05:45:17','2010-01-01 05:45:17',NULL),(245,'TONER 53A','39500119','1',11,'2010-01-01 05:45:30','2010-01-01 05:45:30',NULL),(246,'TONER 85A','39500120','1',11,'2010-01-01 05:45:41','2010-01-01 05:45:41',NULL),(247,'TONER C 390X','39500121','1',11,'2010-01-01 05:46:07','2010-01-01 05:46:07',NULL),(248,'TONER ENTERPRICE 81 A','39500122','1',11,'2010-01-01 05:46:37','2010-01-01 05:46:37',NULL),(249,'TONER GPR-22','39500123','1',11,'2010-01-01 05:47:00','2010-01-01 05:47:00',NULL),(250,'TONER HP 53 A','39500124','1',11,'2010-01-01 05:47:12','2010-01-01 05:47:12',NULL),(251,'TONER HP 81 A','39500125','1',11,'2010-01-01 05:47:33','2010-01-01 05:47:33',NULL),(252,'TONER HP 90 A','39500126','1',11,'2010-01-01 05:47:55','2010-01-01 05:47:55',NULL),(253,'TONER HP 90X','39500127','1',11,'2010-01-01 05:48:15','2010-01-01 05:48:15',NULL),(254,'TONER SUMSUNG ML-1710','39500128','1',11,'2010-01-01 05:49:21','2010-01-01 05:49:21',NULL),(255,'TONER Q 5942 X','39500129','1',11,'2010-01-01 05:49:49','2010-01-01 05:49:49',NULL),(256,'CABLE PARA IMPRESORA','39700002','1',12,'2010-01-01 05:51:09','2010-01-01 05:56:30',NULL),(257,'CAJA PARA PUNTO DE ENERGIA 2x4 cm','39700003','1',12,'2010-01-01 05:51:37','2010-01-01 05:56:49',NULL),(258,'CINTA AISLANTE GRANDE DE 20 YARDAS','39700004','1',12,'2010-01-01 05:52:26','2010-01-01 05:57:07',NULL),(259,'CLAVIJA','39700005','1',12,'2010-01-01 05:52:56','2010-01-01 05:57:24',NULL),(260,'CONECTORES RJ 35','39700006','1',12,'2010-01-01 05:53:11','2010-01-01 05:57:34',NULL),(261,'ELECTRODOS 6013 E','39700007','1',12,'2010-01-01 05:53:26','2010-01-01 05:57:48',NULL),(262,'ENCHUFES DOBLES','39700008','1',12,'2010-01-01 05:53:53','2010-01-01 05:57:56',NULL),(263,'FOCO A GAS DE MERCURIO DE 250 WATTS','39700009','1',12,'2010-01-01 05:54:24','2010-01-01 05:58:04',NULL),(264,'MEMORIA RAM DDR2 DE 512 MB','39700001','1',12,'2010-01-01 05:55:17','2010-01-01 05:55:17',NULL),(265,'PILAS ALCALINAS','39700010','1',12,'2010-01-01 05:59:15','2010-01-01 05:59:15',NULL),(266,'PILAS PEQUEÑAS TRIPLE A DE 1.5 V','39700011','1',12,'2010-01-01 06:08:09','2010-01-01 06:08:09',NULL),(267,'PLACA PARA ENCHUFE DOBLE','39700012','1',12,'2010-01-01 06:08:24','2010-01-01 06:08:24',NULL),(268,'PLACA PARA INTERRUPTOR SIMPLE','39700013','1',12,'2010-01-01 06:08:39','2010-01-01 06:08:59',NULL),(269,'PLACAS DOBLES (INTERRUPTOR)','39700014','1',12,'2010-01-01 06:09:18','2010-01-01 06:09:18',NULL),(270,'TERMICO DE 25 AMP.','39700015','1',12,'2010-01-01 06:09:38','2010-01-01 06:09:38',NULL),(271,'TOMA CORRIENTE DOBLE PLACA','39700016','1',12,'2010-01-01 06:09:54','2010-01-01 06:09:54',NULL),(272,'BUJIA PARA DESBROSADORA','39800001','1',17,'2010-01-01 06:10:25','2010-01-01 06:13:15',NULL),(273,'SAPITO DE GOMA TANQUE BAJO','39800002','1',17,'2010-01-01 06:13:59','2010-01-01 06:13:59',NULL),(274,'SOPAPAS DE GOMA','39800003','1',17,'2010-01-01 06:14:06','2010-01-01 06:14:06',NULL),(275,'ACITE DE 2 TIEMPOS','34110001','1',5,'2010-01-01 06:16:41','2010-01-01 06:16:41',NULL),(276,'HOJA PAPEL BOND  T/OFICIO 75 g','32100023','1',3,'2021-01-13 15:52:23','2021-01-13 15:52:23',NULL),(277,'CARTUCHO C4092 A COLOR NEGRO','39500130','1',11,'2021-01-16 05:49:25','2021-01-16 05:49:25',NULL),(278,'LAMINA PARA PLASTIFICAR TAMAÑO CARNETE','39500131','1',11,'2021-01-16 06:18:15','2021-01-16 06:53:07',NULL);
/*!40000 ALTER TABLE `articulo` ENABLE KEYS */;
UNLOCK TABLES;
/*!50003 SET @saved_cs_client      = @@character_set_client */ ;
/*!50003 SET @saved_cs_results     = @@character_set_results */ ;
/*!50003 SET @saved_col_connection = @@collation_connection */ ;
/*!50003 SET character_set_client  = utf8mb4 */ ;
/*!50003 SET character_set_results = utf8mb4 */ ;
/*!50003 SET collation_connection  = utf8mb4_0900_ai_ci */ ;
/*!50003 SET @saved_sql_mode       = @@sql_mode */ ;
/*!50003 SET sql_mode              = 'NO_AUTO_VALUE_ON_ZERO' */ ;
DELIMITER ;;
/*!50003 CREATE*/ /*!50017 DEFINER=`root`@`localhost`*/ /*!50003 TRIGGER `GENCODE_ARTICULO_BI_TRIGGER` BEFORE INSERT ON `articulo` FOR EACH ROW BEGIN

                DECLARE CA INT;

                SET @CP = (SELECT codigo FROM partida WHERE id = NEW.partida_id);

                SET CA = (SELECT COUNT(*)+1 FROM articulo WHERE partida_id = NEW.partida_id);

                IF(CA<10)THEN

                    IF NOT EXISTS(SELECT 1 FROM articulo WHERE codigo = CONCAT(@CP,'00',CA)) THEN

                        SET NEW.codigo = CONCAT(@CP,'00',CA);

                    ELSE

                        SET CA = CA+1;

                        SET NEW.codigo = CONCAT(@CP,'00',CA);

                    END IF;

                    ELSE IF(CA<100) THEN

                           IF NOT EXISTS(SELECT 1 FROM articulo WHERE codigo = CONCAT(@CP,'0',CA)) THEN

                                SET NEW.codigo = CONCAT(@CP,'0',CA);

                           ELSE

                                SET CA = CA+1;

                                SET NEW.codigo = CONCAT(@CP,'0',CA);

                            END IF;

                        ELSE IF(CA<1000)THEN

                             IF NOT EXISTS(SELECT 1 FROM articulo WHERE codigo = CONCAT(@CP,CA)) THEN

                                SET NEW.codigo = CONCAT(@CP,CA);

                             ELSE

                                SET CA = CA+1;

                                SET NEW.codigo = CONCAT(@CP,CA);

                             END IF;

                        ELSE IF(CA>=1000)THEN

                             IF NOT EXISTS(SELECT 1 FROM articulo WHERE codigo = CONCAT(@CP,CA)) THEN

                                SET NEW.codigo = CONCAT(@CP,CA);

                             ELSE

                                SET CA = CA+1;

                                SET NEW.codigo = CONCAT(@CP,CA);

                             END IF;

                           END IF;

                        END IF;

                    END IF;

                END IF;

            END */;;
DELIMITER ;
/*!50003 SET sql_mode              = @saved_sql_mode */ ;
/*!50003 SET character_set_client  = @saved_cs_client */ ;
/*!50003 SET character_set_results = @saved_cs_results */ ;
/*!50003 SET collation_connection  = @saved_col_connection */ ;
/*!50003 SET @saved_cs_client      = @@character_set_client */ ;
/*!50003 SET @saved_cs_results     = @@character_set_results */ ;
/*!50003 SET @saved_col_connection = @@collation_connection */ ;
/*!50003 SET character_set_client  = utf8mb4 */ ;
/*!50003 SET character_set_results = utf8mb4 */ ;
/*!50003 SET collation_connection  = utf8mb4_0900_ai_ci */ ;
/*!50003 SET @saved_sql_mode       = @@sql_mode */ ;
/*!50003 SET sql_mode              = 'NO_AUTO_VALUE_ON_ZERO' */ ;
DELIMITER ;;
/*!50003 CREATE*/ /*!50017 DEFINER=`root`@`localhost`*/ /*!50003 TRIGGER `GENCODE_ARTICULO_BA_TRIGGER` BEFORE UPDATE ON `articulo` FOR EACH ROW BEGIN

                DECLARE CA INT;

                SET @CP = (SELECT codigo FROM partida WHERE id = NEW.partida_id);

                SET CA = (SELECT COUNT(*)+1 FROM articulo WHERE partida_id = NEW.partida_id);

                IF(NEW.partida_id <> OLD.partida_id)THEN

                    IF(CA<10)THEN

                        IF NOT EXISTS(SELECT 1 FROM articulo WHERE codigo = CONCAT(@CP,'00',CA)) THEN

                            SET NEW.codigo = CONCAT(@CP,'00',CA);

                        ELSE

                            SET CA = CA+1;

                            SET NEW.codigo = CONCAT(@CP,'00',CA);

                        END IF;

                        ELSE IF(CA<100) THEN

                                IF NOT EXISTS(SELECT 1 FROM articulo WHERE codigo = CONCAT(@CP,'0',CA)) THEN

                                    SET NEW.codigo = CONCAT(@CP,'0',CA);

                                ELSE

                                    SET CA = CA+1;

                                    SET NEW.codigo = CONCAT(@CP,'0',CA);

                                END IF;

                                ELSE IF(CA<1000)THEN

                                    IF NOT EXISTS(SELECT 1 FROM articulo WHERE codigo = CONCAT(@CP,CA)) THEN

                                        SET NEW.codigo = CONCAT(@CP,CA);

                                    ELSE

                                        SET CA = CA+1;

                                        SET NEW.codigo = CONCAT(@CP,CA);

                                    END IF;

                                END IF;

                            END IF;

                        END IF;

                END IF;

            END */;;
DELIMITER ;
/*!50003 SET sql_mode              = @saved_sql_mode */ ;
/*!50003 SET character_set_client  = @saved_cs_client */ ;
/*!50003 SET character_set_results = @saved_cs_results */ ;
/*!50003 SET collation_connection  = @saved_col_connection */ ;

--
-- Table structure for table `compra`
--

DROP TABLE IF EXISTS `compra`;
/*!40101 SET @saved_cs_client     = @@character_set_client */;
/*!50503 SET character_set_client = utf8mb4 */;
CREATE TABLE `compra` (
  `id_compra` bigint(20) unsigned NOT NULL,
  `tipo_compra` enum('SER','COM','CON','CCH') CHARACTER SET utf8mb4 COLLATE utf8mb4_unicode_ci NOT NULL,
  `nro_solicitud` varchar(10) CHARACTER SET utf8mb4 COLLATE utf8mb4_unicode_ci DEFAULT NULL,
  `tipo_comprobante` enum('FACTURA','RECIBO') CHARACTER SET utf8mb4 COLLATE utf8mb4_unicode_ci NOT NULL,
  `nro_comprobante` varchar(191) CHARACTER SET utf8mb4 COLLATE utf8mb4_unicode_ci NOT NULL,
  `nro_autorizacion` varchar(191) CHARACTER SET utf8mb4 COLLATE utf8mb4_unicode_ci DEFAULT NULL,
  `fecha_comprobante` date DEFAULT NULL,
  `fecha_solicitud` date DEFAULT NULL,
  KEY `compra_id_compra_foreign` (`id_compra`),
  CONSTRAINT `compra_id_compra_foreign` FOREIGN KEY (`id_compra`) REFERENCES `ingreso` (`id`) ON DELETE CASCADE ON UPDATE CASCADE
) ENGINE=InnoDB DEFAULT CHARSET=utf8mb4 COLLATE=utf8mb4_unicode_ci;
/*!40101 SET character_set_client = @saved_cs_client */;

--
-- Dumping data for table `compra`
--

LOCK TABLES `compra` WRITE;
/*!40000 ALTER TABLE `compra` DISABLE KEYS */;
INSERT INTO `compra` VALUES (2,'COM','1012','FACTURA','125','11120021563','2021-02-22','2021-02-22'),(3,'CCH','1025','FACTURA','1225','1000223529','2021-04-09','2021-04-09');
/*!40000 ALTER TABLE `compra` ENABLE KEYS */;
UNLOCK TABLES;

--
-- Table structure for table `detalle_ingreso`
--

DROP TABLE IF EXISTS `detalle_ingreso`;
/*!40101 SET @saved_cs_client     = @@character_set_client */;
/*!50503 SET character_set_client = utf8mb4 */;
CREATE TABLE `detalle_ingreso` (
  `id` bigint(20) unsigned NOT NULL AUTO_INCREMENT,
  `cantidad` double NOT NULL,
  `descripcion` text CHARACTER SET utf8mb4 COLLATE utf8mb4_unicode_ci,
  `lote_id` bigint(20) unsigned NOT NULL,
  `ingreso_id` bigint(20) unsigned NOT NULL,
  `created_at` timestamp NULL DEFAULT NULL,
  `updated_at` timestamp NULL DEFAULT NULL,
  `deleted_at` timestamp NULL DEFAULT NULL,
  PRIMARY KEY (`id`),
  KEY `detalle_ingreso_lote_id_foreign` (`lote_id`),
  KEY `detalle_ingreso_ingreso_id_foreign` (`ingreso_id`),
  CONSTRAINT `detalle_ingreso_ingreso_id_foreign` FOREIGN KEY (`ingreso_id`) REFERENCES `ingreso` (`id`) ON DELETE RESTRICT ON UPDATE RESTRICT,
  CONSTRAINT `detalle_ingreso_lote_id_foreign` FOREIGN KEY (`lote_id`) REFERENCES `lote` (`id`) ON DELETE RESTRICT ON UPDATE RESTRICT
) ENGINE=InnoDB AUTO_INCREMENT=599 DEFAULT CHARSET=utf8mb4 COLLATE=utf8mb4_unicode_ci;
/*!40101 SET character_set_client = @saved_cs_client */;

--
-- Dumping data for table `detalle_ingreso`
--

LOCK TABLES `detalle_ingreso` WRITE;
/*!40000 ALTER TABLE `detalle_ingreso` DISABLE KEYS */;
INSERT INTO `detalle_ingreso` VALUES (1,1150,NULL,1,1,'2021-01-01 04:00:00','2021-01-01 04:00:00',NULL),(2,300,NULL,2,1,'2021-01-01 04:00:00','2021-01-01 04:00:00',NULL),(3,10000,NULL,3,1,'2021-01-01 04:00:00','2021-01-01 04:00:00',NULL),(4,7000,NULL,4,1,'2021-01-01 04:00:00','2021-01-01 04:00:00',NULL),(5,5,NULL,5,1,'2021-01-01 04:00:00','2021-01-01 04:00:00',NULL),(6,8,NULL,6,1,'2021-01-01 04:00:00','2021-01-01 04:00:00',NULL),(7,8,NULL,7,1,'2021-01-01 04:00:00','2021-01-01 04:00:00',NULL),(8,50,NULL,8,1,'2021-01-01 04:00:00','2021-01-01 04:00:00',NULL),(9,10500,NULL,9,1,'2021-01-01 04:00:00','2021-01-01 04:00:00',NULL),(10,30,NULL,10,1,'2021-01-01 04:00:00','2021-01-01 04:00:00',NULL),(11,10,NULL,11,1,'2021-01-01 04:00:00','2021-01-01 04:00:00',NULL),(12,1500,NULL,12,1,'2021-01-01 04:00:00','2021-01-01 04:00:00',NULL),(13,102,NULL,13,1,'2021-01-01 04:00:00','2021-01-01 04:00:00',NULL),(14,246,NULL,14,1,'2021-01-01 04:00:00','2021-01-01 04:00:00',NULL),(15,750,NULL,15,1,'2021-01-01 04:00:00','2021-01-01 04:00:00',NULL),(16,360,NULL,16,1,'2021-01-01 04:00:00','2021-01-01 04:00:00',NULL),(17,2500,NULL,17,1,'2021-01-01 04:00:00','2021-01-01 04:00:00',NULL),(18,1500,NULL,18,1,'2021-01-01 04:00:00','2021-01-01 04:00:00',NULL),(19,2,NULL,19,1,'2021-01-01 04:00:00','2021-01-01 04:00:00',NULL),(20,8,NULL,20,1,'2021-01-01 04:00:00','2021-01-01 04:00:00',NULL),(21,6,NULL,21,1,'2021-01-01 04:00:00','2021-01-01 04:00:00',NULL),(22,78,NULL,22,1,'2021-01-01 04:00:00','2021-01-01 04:00:00',NULL),(23,18,NULL,23,1,'2021-01-01 04:00:00','2021-01-01 04:00:00',NULL),(24,18,NULL,24,1,'2021-01-01 04:00:00','2021-01-01 04:00:00',NULL),(25,2,NULL,25,1,'2021-01-01 04:00:00','2021-01-01 04:00:00',NULL),(26,8,NULL,26,1,'2021-01-01 04:00:00','2021-01-01 04:00:00',NULL),(27,7,NULL,27,1,'2021-01-01 04:00:00','2021-01-01 04:00:00',NULL),(28,1,NULL,28,1,'2021-01-01 04:00:00','2021-01-01 04:00:00',NULL),(29,963,NULL,29,1,'2021-01-01 04:00:00','2021-01-01 04:00:00',NULL),(30,40,NULL,30,1,'2021-01-01 04:00:00','2021-01-01 04:00:00',NULL),(31,7,NULL,31,1,'2021-01-01 04:00:00','2021-01-01 04:00:00',NULL),(32,6,NULL,32,1,'2021-01-01 04:00:00','2021-01-01 04:00:00',NULL),(33,6,NULL,33,1,'2021-01-01 04:00:00','2021-01-01 04:00:00',NULL),(34,500,NULL,34,1,'2021-01-01 04:00:00','2021-01-01 04:00:00',NULL),(35,4,NULL,35,1,'2021-01-01 04:00:00','2021-01-01 04:00:00',NULL),(36,500,NULL,36,1,'2021-01-01 04:00:00','2021-01-01 04:00:00',NULL),(37,4,NULL,37,1,'2021-01-01 04:00:00','2021-01-01 04:00:00',NULL),(38,18,NULL,38,1,'2021-01-01 04:00:00','2021-01-01 04:00:00',NULL),(39,6,NULL,39,1,'2021-01-01 04:00:00','2021-01-01 04:00:00',NULL),(40,30,NULL,40,1,'2021-01-01 04:00:00','2021-01-01 04:00:00',NULL),(41,18,NULL,41,1,'2021-01-01 04:00:00','2021-01-01 04:00:00',NULL),(42,25,NULL,42,1,'2021-01-01 04:00:00','2021-01-01 04:00:00',NULL),(43,5453,NULL,43,1,'2021-01-01 04:00:00','2021-01-01 04:00:00',NULL),(44,16,NULL,44,1,'2021-01-01 04:00:00','2021-01-01 04:00:00',NULL),(45,3,NULL,45,1,'2021-01-01 04:00:00','2021-01-01 04:00:00',NULL),(46,302,NULL,46,1,'2021-01-01 04:00:00','2021-01-01 04:00:00',NULL),(47,270,NULL,47,1,'2021-01-01 04:00:00','2021-01-01 04:00:00',NULL),(48,200,NULL,48,1,'2021-01-01 04:00:00','2021-01-01 04:00:00',NULL),(49,30,NULL,49,1,'2021-01-01 04:00:00','2021-01-01 04:00:00',NULL),(50,12,NULL,50,1,'2021-01-01 04:00:00','2021-01-01 04:00:00',NULL),(51,800,NULL,51,1,'2021-01-01 04:00:00','2021-01-01 04:00:00',NULL),(52,200,NULL,52,1,'2021-01-01 04:00:00','2021-01-01 04:00:00',NULL),(53,215,NULL,53,1,'2021-01-01 04:00:00','2021-01-01 04:00:00',NULL),(54,150,NULL,54,1,'2021-01-01 04:00:00','2021-01-01 04:00:00',NULL),(55,39,NULL,55,1,'2021-01-01 04:00:00','2021-01-01 04:00:00',NULL),(56,3,NULL,56,1,'2021-01-01 04:00:00','2021-01-01 04:00:00',NULL),(57,3,NULL,57,1,'2021-01-01 04:00:00','2021-01-01 04:00:00',NULL),(58,2,NULL,58,1,'2021-01-01 04:00:00','2021-01-01 04:00:00',NULL),(59,3,NULL,59,1,'2021-01-01 04:00:00','2021-01-01 04:00:00',NULL),(60,7,NULL,60,1,'2021-01-01 04:00:00','2021-01-01 04:00:00',NULL),(61,75,NULL,61,1,'2021-01-01 04:00:00','2021-01-01 04:00:00',NULL),(62,1,NULL,62,1,'2021-01-01 04:00:00','2021-01-01 04:00:00',NULL),(63,1,NULL,63,1,'2021-01-01 04:00:00','2021-01-01 04:00:00',NULL),(64,3,NULL,64,1,'2021-01-01 04:00:00','2021-01-01 04:00:00',NULL),(65,10,NULL,65,1,'2021-01-01 04:00:00','2021-01-01 04:00:00',NULL),(66,4,NULL,66,1,'2021-01-01 04:00:00','2021-01-01 04:00:00',NULL),(67,2,NULL,67,1,'2021-01-01 04:00:00','2021-01-01 04:00:00',NULL),(68,3,NULL,68,1,'2021-01-01 04:00:00','2021-01-01 04:00:00',NULL),(69,2,NULL,69,1,'2021-01-01 04:00:00','2021-01-01 04:00:00',NULL),(70,5,NULL,70,1,'2021-01-01 04:00:00','2021-01-01 04:00:00',NULL),(71,4,NULL,71,1,'2021-01-01 04:00:00','2021-01-01 04:00:00',NULL),(72,1,NULL,72,1,'2021-01-01 04:00:00','2021-01-01 04:00:00',NULL),(73,10,NULL,73,1,'2021-01-01 04:00:00','2021-01-01 04:00:00',NULL),(74,2,NULL,74,1,'2021-01-01 04:00:00','2021-01-01 04:00:00',NULL),(75,50,NULL,75,1,'2021-01-01 04:00:00','2021-01-01 04:00:00',NULL),(76,3,NULL,76,1,'2021-01-01 04:00:00','2021-01-01 04:00:00',NULL),(77,61,NULL,77,1,'2021-01-01 04:00:00','2021-01-01 04:00:00',NULL),(78,5,NULL,78,1,'2021-01-01 04:00:00','2021-01-01 04:00:00',NULL),(79,2,NULL,79,1,'2021-01-01 04:00:00','2021-01-01 04:00:00',NULL),(80,2,NULL,80,1,'2021-01-01 04:00:00','2021-01-01 04:00:00',NULL),(81,12,NULL,81,1,'2021-01-01 04:00:00','2021-01-01 04:00:00',NULL),(82,1,NULL,82,1,'2021-01-01 04:00:00','2021-01-01 04:00:00',NULL),(83,1,NULL,83,1,'2021-01-01 04:00:00','2021-01-01 04:00:00',NULL),(84,1,NULL,84,1,'2021-01-01 04:00:00','2021-01-01 04:00:00',NULL),(85,3,NULL,85,1,'2021-01-01 04:00:00','2021-01-01 04:00:00',NULL),(86,1,NULL,86,1,'2021-01-01 04:00:00','2021-01-01 04:00:00',NULL),(87,1,NULL,87,1,'2021-01-01 04:00:00','2021-01-01 04:00:00',NULL),(88,9,NULL,88,1,'2021-01-01 04:00:00','2021-01-01 04:00:00',NULL),(89,6,NULL,89,1,'2021-01-01 04:00:00','2021-01-01 04:00:00',NULL),(90,7,NULL,90,1,'2021-01-01 04:00:00','2021-01-01 04:00:00',NULL),(91,7,NULL,91,1,'2021-01-01 04:00:00','2021-01-01 04:00:00',NULL),(92,2,NULL,92,1,'2021-01-01 04:00:00','2021-01-01 04:00:00',NULL),(93,1,NULL,93,1,'2021-01-01 04:00:00','2021-01-01 04:00:00',NULL),(94,2,NULL,94,1,'2021-01-01 04:00:00','2021-01-01 04:00:00',NULL),(95,5,NULL,95,1,'2021-01-01 04:00:00','2021-01-01 04:00:00',NULL),(96,2,NULL,96,1,'2021-01-01 04:00:00','2021-01-01 04:00:00',NULL),(97,45,NULL,97,1,'2021-01-01 04:00:00','2021-01-01 04:00:00',NULL),(98,12,NULL,98,1,'2021-01-01 04:00:00','2021-01-01 04:00:00',NULL),(99,50,NULL,99,1,'2021-01-01 04:00:00','2021-01-01 04:00:00',NULL),(100,3,NULL,100,1,'2021-01-01 04:00:00','2021-01-01 04:00:00',NULL),(101,100,NULL,101,1,'2021-01-01 04:00:00','2021-01-01 04:00:00',NULL),(102,2,NULL,102,1,'2021-01-01 04:00:00','2021-01-01 04:00:00',NULL),(103,9,NULL,103,1,'2021-01-01 04:00:00','2021-01-01 04:00:00',NULL),(104,100,NULL,104,1,'2021-01-01 04:00:00','2021-01-01 04:00:00',NULL),(105,2,NULL,105,1,'2021-01-01 04:00:00','2021-01-01 04:00:00',NULL),(106,42,NULL,106,1,'2021-01-01 04:00:00','2021-01-01 04:00:00',NULL),(107,1,NULL,107,1,'2021-01-01 04:00:00','2021-01-01 04:00:00',NULL),(108,2,NULL,108,1,'2021-01-01 04:00:00','2021-01-01 04:00:00',NULL),(109,10,NULL,109,1,'2021-01-01 04:00:00','2021-01-01 04:00:00',NULL),(110,10,NULL,110,1,'2021-01-01 04:00:00','2021-01-01 04:00:00',NULL),(111,3,NULL,111,1,'2021-01-01 04:00:00','2021-01-01 04:00:00',NULL),(112,1,NULL,112,1,'2021-01-01 04:00:00','2021-01-01 04:00:00',NULL),(113,1,NULL,113,1,'2021-01-01 04:00:00','2021-01-01 04:00:00',NULL),(114,25,NULL,114,1,'2021-01-01 04:00:00','2021-01-01 04:00:00',NULL),(115,4,NULL,115,1,'2021-01-01 04:00:00','2021-01-01 04:00:00',NULL),(116,10,NULL,116,1,'2021-01-01 04:00:00','2021-01-01 04:00:00',NULL),(117,39,NULL,117,1,'2021-01-01 04:00:00','2021-01-01 04:00:00',NULL),(118,24,NULL,118,1,'2021-01-01 04:00:00','2021-01-01 04:00:00',NULL),(119,3,NULL,119,1,'2021-01-01 04:00:00','2021-01-01 04:00:00',NULL),(120,12,NULL,120,1,'2021-01-01 04:00:00','2021-01-01 04:00:00',NULL),(121,2,NULL,121,1,'2021-01-01 04:00:00','2021-01-01 04:00:00',NULL),(122,18,NULL,122,1,'2021-01-01 04:00:00','2021-01-01 04:00:00',NULL),(123,1,NULL,123,1,'2021-01-01 04:00:00','2021-01-01 04:00:00',NULL),(124,13,NULL,124,1,'2021-01-01 04:00:00','2021-01-01 04:00:00',NULL),(125,5,NULL,125,1,'2021-01-01 04:00:00','2021-01-01 04:00:00',NULL),(126,14,NULL,126,1,'2021-01-01 04:00:00','2021-01-01 04:00:00',NULL),(127,6,NULL,127,1,'2021-01-01 04:00:00','2021-01-01 04:00:00',NULL),(128,48,NULL,128,1,'2021-01-01 04:00:00','2021-01-01 04:00:00',NULL),(129,1,NULL,129,1,'2021-01-01 04:00:00','2021-01-01 04:00:00',NULL),(130,144,NULL,130,1,'2021-01-01 04:00:00','2021-01-01 04:00:00',NULL),(131,200,NULL,131,1,'2021-01-01 04:00:00','2021-01-01 04:00:00',NULL),(132,76,NULL,132,1,'2021-01-01 04:00:00','2021-01-01 04:00:00',NULL),(133,50,NULL,133,1,'2021-01-01 04:00:00','2021-01-01 04:00:00',NULL),(134,1,NULL,134,1,'2021-01-01 04:00:00','2021-01-01 04:00:00',NULL),(135,80,NULL,135,1,'2021-01-01 04:00:00','2021-01-01 04:00:00',NULL),(136,241,NULL,136,1,'2021-01-01 04:00:00','2021-01-01 04:00:00',NULL),(137,41,NULL,137,1,'2021-01-01 04:00:00','2021-01-01 04:00:00',NULL),(138,17,NULL,138,1,'2021-01-01 04:00:00','2021-01-01 04:00:00',NULL),(139,18,NULL,139,1,'2021-01-01 04:00:00','2021-01-01 04:00:00',NULL),(140,45,NULL,140,1,'2021-01-01 04:00:00','2021-01-01 04:00:00',NULL),(141,7,NULL,141,1,'2021-01-01 04:00:00','2021-01-01 04:00:00',NULL),(142,200,NULL,142,1,'2021-01-01 04:00:00','2021-01-01 04:00:00',NULL),(143,325,NULL,143,1,'2021-01-01 04:00:00','2021-01-01 04:00:00',NULL),(144,2,NULL,144,1,'2021-01-01 04:00:00','2021-01-01 04:00:00',NULL),(145,8,NULL,145,1,'2021-01-01 04:00:00','2021-01-01 04:00:00',NULL),(146,2,NULL,146,1,'2021-01-01 04:00:00','2021-01-01 04:00:00',NULL),(147,2,NULL,147,1,'2021-01-01 04:00:00','2021-01-01 04:00:00',NULL),(148,2,NULL,148,1,'2021-01-01 04:00:00','2021-01-01 04:00:00',NULL),(149,2,NULL,149,1,'2021-01-01 04:00:00','2021-01-01 04:00:00',NULL),(150,4,NULL,150,1,'2021-01-01 04:00:00','2021-01-01 04:00:00',NULL),(151,4,NULL,151,1,'2021-01-01 04:00:00','2021-01-01 04:00:00',NULL),(152,2,NULL,152,1,'2021-01-01 04:00:00','2021-01-01 04:00:00',NULL),(153,6,NULL,153,1,'2021-01-01 04:00:00','2021-01-01 04:00:00',NULL),(154,3,NULL,154,1,'2021-01-01 04:00:00','2021-01-01 04:00:00',NULL),(155,1,NULL,155,1,'2021-01-01 04:00:00','2021-01-01 04:00:00',NULL),(156,1,NULL,156,1,'2021-01-01 04:00:00','2021-01-01 04:00:00',NULL),(157,1,NULL,157,1,'2021-01-01 04:00:00','2021-01-01 04:00:00',NULL),(158,57,NULL,158,1,'2021-01-01 04:00:00','2021-01-01 04:00:00',NULL),(159,27,NULL,159,1,'2021-01-01 04:00:00','2021-01-01 04:00:00',NULL),(160,61,NULL,160,1,'2021-01-01 04:00:00','2021-01-01 04:00:00',NULL),(161,4,NULL,161,1,'2021-01-01 04:00:00','2021-01-01 04:00:00',NULL),(162,1,NULL,162,1,'2021-01-01 04:00:00','2021-01-01 04:00:00',NULL),(163,43,NULL,163,1,'2021-01-01 04:00:00','2021-01-01 04:00:00',NULL),(164,4,NULL,164,1,'2021-01-01 04:00:00','2021-01-01 04:00:00',NULL),(165,11,NULL,165,1,'2021-01-01 04:00:00','2021-01-01 04:00:00',NULL),(166,8,NULL,166,1,'2021-01-01 04:00:00','2021-01-01 04:00:00',NULL),(167,5,NULL,167,1,'2021-01-01 04:00:00','2021-01-01 04:00:00',NULL),(168,8,NULL,168,1,'2021-01-01 04:00:00','2021-01-01 04:00:00',NULL),(169,64,NULL,169,1,'2021-01-01 04:00:00','2021-01-01 04:00:00',NULL),(170,1,NULL,170,1,'2021-01-01 04:00:00','2021-01-01 04:00:00',NULL),(171,62,NULL,171,1,'2021-01-01 04:00:00','2021-01-01 04:00:00',NULL),(172,6,NULL,172,1,'2021-01-01 04:00:00','2021-01-01 04:00:00',NULL),(173,7,NULL,173,1,'2021-01-01 04:00:00','2021-01-01 04:00:00',NULL),(174,17,NULL,174,1,'2021-01-01 04:00:00','2021-01-01 04:00:00',NULL),(175,20,NULL,175,1,'2021-01-01 04:00:00','2021-01-01 04:00:00',NULL),(176,134,NULL,176,1,'2021-01-01 04:00:00','2021-01-01 04:00:00',NULL),(177,6,NULL,177,1,'2021-01-01 04:00:00','2021-01-01 04:00:00',NULL),(178,20,NULL,178,1,'2021-01-01 04:00:00','2021-01-01 04:00:00',NULL),(179,235,NULL,179,1,'2021-01-01 04:00:00','2021-01-01 04:00:00',NULL),(180,1,NULL,180,1,'2021-01-01 04:00:00','2021-01-01 04:00:00',NULL),(181,4,NULL,181,1,'2021-01-01 04:00:00','2021-01-01 04:00:00',NULL),(182,4,NULL,182,1,'2021-01-01 04:00:00','2021-01-01 04:00:00',NULL),(183,1,NULL,183,1,'2021-01-01 04:00:00','2021-01-01 04:00:00',NULL),(184,70,NULL,184,1,'2021-01-01 04:00:00','2021-01-01 04:00:00',NULL),(185,25,NULL,185,1,'2021-01-01 04:00:00','2021-01-01 04:00:00',NULL),(186,35,NULL,186,1,'2021-01-01 04:00:00','2021-01-01 04:00:00',NULL),(187,200,NULL,187,1,'2021-01-01 04:00:00','2021-01-01 04:00:00',NULL),(188,100,NULL,188,1,'2021-01-01 04:00:00','2021-01-01 04:00:00',NULL),(189,1,NULL,189,1,'2021-01-01 04:00:00','2021-01-01 04:00:00',NULL),(190,5,NULL,190,1,'2021-01-01 04:00:00','2021-01-01 04:00:00',NULL),(191,71,NULL,191,1,'2021-01-01 04:00:00','2021-01-01 04:00:00',NULL),(192,2,NULL,192,1,'2021-01-01 04:00:00','2021-01-01 04:00:00',NULL),(193,3,NULL,193,1,'2021-01-01 04:00:00','2021-01-01 04:00:00',NULL),(194,300,NULL,194,1,'2021-01-01 04:00:00','2021-01-01 04:00:00',NULL),(195,19,NULL,195,1,'2021-01-01 04:00:00','2021-01-01 04:00:00',NULL),(196,17,NULL,196,1,'2021-01-01 04:00:00','2021-01-01 04:00:00',NULL),(197,10,NULL,197,1,'2021-01-01 04:00:00','2021-01-01 04:00:00',NULL),(198,22,NULL,198,1,'2021-01-01 04:00:00','2021-01-01 04:00:00',NULL),(199,2,NULL,199,1,'2021-01-01 04:00:00','2021-01-01 04:00:00',NULL),(200,1,NULL,200,1,'2021-01-01 04:00:00','2021-01-01 04:00:00',NULL),(201,60,NULL,201,1,'2021-01-01 04:00:00','2021-01-01 04:00:00',NULL),(202,16,NULL,202,1,'2021-01-01 04:00:00','2021-01-01 04:00:00',NULL),(203,33,NULL,203,1,'2021-01-01 04:00:00','2021-01-01 04:00:00',NULL),(204,59,NULL,204,1,'2021-01-01 04:00:00','2021-01-01 04:00:00',NULL),(205,5,NULL,205,1,'2021-01-01 04:00:00','2021-01-01 04:00:00',NULL),(206,17,NULL,206,1,'2021-01-01 04:00:00','2021-01-01 04:00:00',NULL),(207,9,NULL,207,1,'2021-01-01 04:00:00','2021-01-01 04:00:00',NULL),(208,1,NULL,208,1,'2021-01-01 04:00:00','2021-01-01 04:00:00',NULL),(209,2,NULL,209,1,'2021-01-01 04:00:00','2021-01-01 04:00:00',NULL),(210,1,NULL,210,1,'2021-01-01 04:00:00','2021-01-01 04:00:00',NULL),(211,9,NULL,211,1,'2021-01-01 04:00:00','2021-01-01 04:00:00',NULL),(212,29,NULL,212,1,'2021-01-01 04:00:00','2021-01-01 04:00:00',NULL),(213,6,NULL,213,1,'2021-01-01 04:00:00','2021-01-01 04:00:00',NULL),(214,1,NULL,214,1,'2021-01-01 04:00:00','2021-01-01 04:00:00',NULL),(215,4,NULL,215,1,'2021-01-01 04:00:00','2021-01-01 04:00:00',NULL),(216,1,NULL,216,1,'2021-01-01 04:00:00','2021-01-01 04:00:00',NULL),(217,1,NULL,217,1,'2021-01-01 04:00:00','2021-01-01 04:00:00',NULL),(218,15,NULL,218,1,'2021-01-01 04:00:00','2021-01-01 04:00:00',NULL),(219,17,NULL,219,1,'2021-01-01 04:00:00','2021-01-01 04:00:00',NULL),(220,3,NULL,220,1,'2021-01-01 04:00:00','2021-01-01 04:00:00',NULL),(221,44,NULL,221,1,'2021-01-01 04:00:00','2021-01-01 04:00:00',NULL),(222,10,NULL,222,1,'2021-01-01 04:00:00','2021-01-01 04:00:00',NULL),(223,6,NULL,223,1,'2021-01-01 04:00:00','2021-01-01 04:00:00',NULL),(224,18,NULL,224,1,'2021-01-01 04:00:00','2021-01-01 04:00:00',NULL),(225,20,NULL,225,1,'2021-01-01 04:00:00','2021-01-01 04:00:00',NULL),(226,2,NULL,226,1,'2021-01-01 04:00:00','2021-01-01 04:00:00',NULL),(227,7,NULL,227,1,'2021-01-01 04:00:00','2021-01-01 04:00:00',NULL),(228,10,NULL,228,1,'2021-01-01 04:00:00','2021-01-01 04:00:00',NULL),(229,18,NULL,229,1,'2021-01-01 04:00:00','2021-01-01 04:00:00',NULL),(230,24,NULL,230,1,'2021-01-01 04:00:00','2021-01-01 04:00:00',NULL),(231,40,NULL,231,1,'2021-01-01 04:00:00','2021-01-01 04:00:00',NULL),(232,16,NULL,232,1,'2021-01-01 04:00:00','2021-01-01 04:00:00',NULL),(233,6,NULL,233,1,'2021-01-01 04:00:00','2021-01-01 04:00:00',NULL),(234,2,NULL,234,1,'2021-01-01 04:00:00','2021-01-01 04:00:00',NULL),(235,44,NULL,235,1,'2021-01-01 04:00:00','2021-01-01 04:00:00',NULL),(236,2,NULL,236,1,'2021-01-01 04:00:00','2021-01-01 04:00:00',NULL),(237,66,NULL,237,1,'2021-01-01 04:00:00','2021-01-01 04:00:00',NULL),(238,1,NULL,238,1,'2021-01-01 04:00:00','2021-01-01 04:00:00',NULL),(239,41,NULL,239,1,'2021-01-01 04:00:00','2021-01-01 04:00:00',NULL),(240,2,NULL,240,1,'2021-01-01 04:00:00','2021-01-01 04:00:00',NULL),(241,7,NULL,241,1,'2021-01-01 04:00:00','2021-01-01 04:00:00',NULL),(242,7,NULL,242,1,'2021-01-01 04:00:00','2021-01-01 04:00:00',NULL),(243,13,NULL,243,1,'2021-01-01 04:00:00','2021-01-01 04:00:00',NULL),(244,6,NULL,244,1,'2021-01-01 04:00:00','2021-01-01 04:00:00',NULL),(245,18,NULL,245,1,'2021-01-01 04:00:00','2021-01-01 04:00:00',NULL),(246,42,NULL,246,1,'2021-01-01 04:00:00','2021-01-01 04:00:00',NULL),(247,3,NULL,247,1,'2021-01-01 04:00:00','2021-01-01 04:00:00',NULL),(248,12,NULL,248,1,'2021-01-01 04:00:00','2021-01-01 04:00:00',NULL),(249,15,NULL,249,1,'2021-01-01 04:00:00','2021-01-01 04:00:00',NULL),(250,3,NULL,250,1,'2021-01-01 04:00:00','2021-01-01 04:00:00',NULL),(251,13,NULL,251,1,'2021-01-01 04:00:00','2021-01-01 04:00:00',NULL),(252,2,NULL,252,1,'2021-01-01 04:00:00','2021-01-01 04:00:00',NULL),(253,1,NULL,253,1,'2021-01-01 04:00:00','2021-01-01 04:00:00',NULL),(254,1,NULL,254,1,'2021-01-01 04:00:00','2021-01-01 04:00:00',NULL),(255,1,NULL,255,1,'2021-01-01 04:00:00','2021-01-01 04:00:00',NULL),(256,6,NULL,256,1,'2021-01-01 04:00:00','2021-01-01 04:00:00',NULL),(257,1,NULL,257,1,'2021-01-01 04:00:00','2021-01-01 04:00:00',NULL),(258,1,NULL,258,1,'2021-01-01 04:00:00','2021-01-01 04:00:00',NULL),(259,1,NULL,259,1,'2021-01-01 04:00:00','2021-01-01 04:00:00',NULL),(260,1,NULL,260,1,'2021-01-01 04:00:00','2021-01-01 04:00:00',NULL),(261,1,NULL,261,1,'2021-01-01 04:00:00','2021-01-01 04:00:00',NULL),(262,1,NULL,262,1,'2021-01-01 04:00:00','2021-01-01 04:00:00',NULL),(263,40,NULL,263,1,'2021-01-01 04:00:00','2021-01-01 04:00:00',NULL),(264,4,NULL,264,1,'2021-01-01 04:00:00','2021-01-01 04:00:00',NULL),(265,7,NULL,265,1,'2021-01-01 04:00:00','2021-01-01 04:00:00',NULL),(266,1,NULL,266,1,'2021-01-01 04:00:00','2021-01-01 04:00:00',NULL),(267,1,NULL,267,1,'2021-01-01 04:00:00','2021-01-01 04:00:00',NULL),(268,98,NULL,268,1,'2021-01-01 04:00:00','2021-01-01 04:00:00',NULL),(269,1,NULL,269,1,'2021-01-01 04:00:00','2021-01-01 04:00:00',NULL),(270,1,NULL,270,1,'2021-01-01 04:00:00','2021-01-01 04:00:00',NULL),(271,1,NULL,271,1,'2021-01-01 04:00:00','2021-01-01 04:00:00',NULL),(272,1,NULL,272,1,'2021-01-01 04:00:00','2021-01-01 04:00:00',NULL),(273,20,NULL,273,1,'2021-01-01 04:00:00','2021-01-01 04:00:00',NULL),(274,1,NULL,274,1,'2021-01-01 04:00:00','2021-01-01 04:00:00',NULL),(275,9,NULL,275,1,'2021-01-01 04:00:00','2021-01-01 04:00:00',NULL),(276,6,NULL,276,1,'2021-01-01 04:00:00','2021-01-01 04:00:00',NULL),(277,2,NULL,277,1,'2021-01-01 04:00:00','2021-01-01 04:00:00',NULL),(278,6,NULL,278,1,'2021-01-01 04:00:00','2021-01-01 04:00:00',NULL),(279,1,NULL,279,1,'2021-01-01 04:00:00','2021-01-01 04:00:00',NULL),(280,1,NULL,280,1,'2021-01-01 04:00:00','2021-01-01 04:00:00',NULL),(281,3,NULL,281,1,'2021-01-01 04:00:00','2021-01-01 04:00:00',NULL),(282,5,NULL,282,1,'2021-01-01 04:00:00','2021-01-01 04:00:00',NULL),(283,0,NULL,283,1,'2021-01-01 04:00:00','2021-01-01 04:00:00',NULL),(284,0,NULL,284,1,'2021-01-01 04:00:00','2021-01-01 04:00:00',NULL),(285,0,NULL,285,1,'2021-01-01 04:00:00','2021-01-01 04:00:00',NULL),(286,0,NULL,286,1,'2021-01-01 04:00:00','2021-01-01 04:00:00',NULL),(287,0,NULL,287,1,'2021-01-01 04:00:00','2021-01-01 04:00:00',NULL),(288,0,NULL,288,1,'2021-01-01 04:00:00','2021-01-01 04:00:00',NULL),(289,0,NULL,289,1,'2021-01-01 04:00:00','2021-01-01 04:00:00',NULL),(290,0,NULL,290,1,'2021-01-01 04:00:00','2021-01-01 04:00:00',NULL),(291,0,NULL,291,1,'2021-01-01 04:00:00','2021-01-01 04:00:00',NULL),(292,0,NULL,292,1,'2021-01-01 04:00:00','2021-01-01 04:00:00',NULL),(293,0,NULL,293,1,'2021-01-01 04:00:00','2021-01-01 04:00:00',NULL),(294,0,NULL,294,1,'2021-01-01 04:00:00','2021-01-01 04:00:00',NULL),(295,0,NULL,295,1,'2021-01-01 04:00:00','2021-01-01 04:00:00',NULL),(296,5,NULL,296,1,'2021-01-01 04:00:00','2021-01-01 04:00:00',NULL),(297,4,NULL,297,1,'2021-01-01 04:00:00','2021-01-01 04:00:00',NULL),(298,4,NULL,298,1,'2021-01-01 04:00:00','2021-01-01 04:00:00',NULL),(299,50,NULL,299,2,'2021-02-22 15:35:20','2021-02-22 15:35:20',NULL),(300,100,NULL,300,2,'2021-02-22 15:35:20','2021-02-22 15:35:20',NULL),(301,500,NULL,301,3,'2021-04-09 20:00:08','2021-04-09 20:00:08',NULL),(302,1150,NULL,302,4,'2021-04-09 20:09:10','2021-04-09 20:09:10',NULL),(303,10000,NULL,303,4,'2021-04-09 20:09:10','2021-04-09 20:09:10',NULL),(304,6300,NULL,304,4,'2021-04-09 20:09:10','2021-04-09 20:09:10',NULL),(305,0,NULL,305,4,'2021-04-09 20:09:10','2021-04-09 20:09:10',NULL),(306,100,NULL,306,4,'2021-04-09 20:09:10','2021-04-09 20:09:10',NULL),(307,5,NULL,307,4,'2021-04-09 20:09:10','2021-04-09 20:09:10',NULL),(308,8,NULL,308,4,'2021-04-09 20:09:10','2021-04-09 20:09:10',NULL),(309,8,NULL,309,4,'2021-04-09 20:09:10','2021-04-09 20:09:10',NULL),(310,49,NULL,310,4,'2021-04-09 20:09:10','2021-04-09 20:09:10',NULL),(311,30,NULL,311,4,'2021-04-09 20:09:10','2021-04-09 20:09:10',NULL),(312,10,NULL,312,4,'2021-04-09 20:09:10','2021-04-09 20:09:10',NULL),(313,102,NULL,313,4,'2021-04-09 20:09:10','2021-04-09 20:09:10',NULL),(314,246,NULL,314,4,'2021-04-09 20:09:10','2021-04-09 20:09:10',NULL),(315,0,NULL,315,4,'2021-04-09 20:09:10','2021-04-09 20:09:10',NULL),(316,750,NULL,316,4,'2021-04-09 20:09:10','2021-04-09 20:09:10',NULL),(317,2,NULL,317,4,'2021-04-09 20:09:10','2021-04-09 20:09:10',NULL),(318,8,NULL,318,4,'2021-04-09 20:09:10','2021-04-09 20:09:10',NULL),(319,6,NULL,319,4,'2021-04-09 20:09:10','2021-04-09 20:09:10',NULL),(320,18,NULL,320,4,'2021-04-09 20:09:10','2021-04-09 20:09:10',NULL),(321,0,NULL,321,4,'2021-04-09 20:09:10','2021-04-09 20:09:10',NULL),(322,1500,NULL,322,4,'2021-04-09 20:09:10','2021-04-09 20:09:10',NULL),(323,0,NULL,323,4,'2021-04-09 20:09:10','2021-04-09 20:09:10',NULL),(324,360,NULL,324,4,'2021-04-09 20:09:10','2021-04-09 20:09:10',NULL),(325,2500,NULL,325,4,'2021-04-09 20:09:10','2021-04-09 20:09:10',NULL),(326,1500,NULL,326,4,'2021-04-09 20:09:10','2021-04-09 20:09:10',NULL),(327,78,NULL,327,4,'2021-04-09 20:09:10','2021-04-09 20:09:10',NULL),(328,2,NULL,328,4,'2021-04-09 20:09:10','2021-04-09 20:09:10',NULL),(329,18,NULL,329,4,'2021-04-09 20:09:10','2021-04-09 20:09:10',NULL),(330,8,NULL,330,4,'2021-04-09 20:09:10','2021-04-09 20:09:10',NULL),(331,7,NULL,331,4,'2021-04-09 20:09:10','2021-04-09 20:09:10',NULL),(332,1,NULL,332,4,'2021-04-09 20:09:10','2021-04-09 20:09:10',NULL),(333,963,NULL,333,4,'2021-04-09 20:09:10','2021-04-09 20:09:10',NULL),(334,40,NULL,334,4,'2021-04-09 20:09:10','2021-04-09 20:09:10',NULL),(335,7,NULL,335,4,'2021-04-09 20:09:10','2021-04-09 20:09:10',NULL),(336,6,NULL,336,4,'2021-04-09 20:09:10','2021-04-09 20:09:10',NULL),(337,6,NULL,337,4,'2021-04-09 20:09:10','2021-04-09 20:09:10',NULL),(338,500,NULL,338,4,'2021-04-09 20:09:10','2021-04-09 20:09:10',NULL),(339,4,NULL,339,4,'2021-04-09 20:09:10','2021-04-09 20:09:10',NULL),(340,500,NULL,340,4,'2021-04-09 20:09:10','2021-04-09 20:09:10',NULL),(341,4,NULL,341,4,'2021-04-09 20:09:10','2021-04-09 20:09:10',NULL),(342,18,NULL,342,4,'2021-04-09 20:09:10','2021-04-09 20:09:10',NULL),(343,6,NULL,343,4,'2021-04-09 20:09:10','2021-04-09 20:09:10',NULL),(344,30,NULL,344,4,'2021-04-09 20:09:10','2021-04-09 20:09:10',NULL),(345,18,NULL,345,4,'2021-04-09 20:09:10','2021-04-09 20:09:10',NULL),(346,25,NULL,346,4,'2021-04-09 20:09:10','2021-04-09 20:09:10',NULL),(347,5453,NULL,347,4,'2021-04-09 20:09:10','2021-04-09 20:09:10',NULL),(348,16,NULL,348,4,'2021-04-09 20:09:10','2021-04-09 20:09:10',NULL),(349,3,NULL,349,4,'2021-04-09 20:09:10','2021-04-09 20:09:10',NULL),(350,0,NULL,350,4,'2021-04-09 20:09:10','2021-04-09 20:09:10',NULL),(351,302,NULL,351,4,'2021-04-09 20:09:10','2021-04-09 20:09:10',NULL),(352,270,NULL,352,4,'2021-04-09 20:09:10','2021-04-09 20:09:10',NULL),(353,200,NULL,353,4,'2021-04-09 20:09:10','2021-04-09 20:09:10',NULL),(354,30,NULL,354,4,'2021-04-09 20:09:10','2021-04-09 20:09:10',NULL),(355,12,NULL,355,4,'2021-04-09 20:09:10','2021-04-09 20:09:10',NULL),(356,800,NULL,356,4,'2021-04-09 20:09:10','2021-04-09 20:09:10',NULL),(357,215,NULL,357,4,'2021-04-09 20:09:10','2021-04-09 20:09:10',NULL),(358,200,NULL,358,4,'2021-04-09 20:09:10','2021-04-09 20:09:10',NULL),(359,150,NULL,359,4,'2021-04-09 20:09:10','2021-04-09 20:09:10',NULL),(360,39,NULL,360,4,'2021-04-09 20:09:10','2021-04-09 20:09:10',NULL),(361,1,NULL,361,4,'2021-04-09 20:09:10','2021-04-09 20:09:10',NULL),(362,2,NULL,362,4,'2021-04-09 20:09:10','2021-04-09 20:09:10',NULL),(363,2,NULL,363,4,'2021-04-09 20:09:10','2021-04-09 20:09:10',NULL),(364,3,NULL,364,4,'2021-04-09 20:09:10','2021-04-09 20:09:10',NULL),(365,7,NULL,365,4,'2021-04-09 20:09:10','2021-04-09 20:09:10',NULL),(366,75,NULL,366,4,'2021-04-09 20:09:11','2021-04-09 20:09:11',NULL),(367,1,NULL,367,4,'2021-04-09 20:09:11','2021-04-09 20:09:11',NULL),(368,1,NULL,368,4,'2021-04-09 20:09:11','2021-04-09 20:09:11',NULL),(369,3,NULL,369,4,'2021-04-09 20:09:11','2021-04-09 20:09:11',NULL),(370,10,NULL,370,4,'2021-04-09 20:09:11','2021-04-09 20:09:11',NULL),(371,4,NULL,371,4,'2021-04-09 20:09:11','2021-04-09 20:09:11',NULL),(372,2,NULL,372,4,'2021-04-09 20:09:11','2021-04-09 20:09:11',NULL),(373,3,NULL,373,4,'2021-04-09 20:09:11','2021-04-09 20:09:11',NULL),(374,2,NULL,374,4,'2021-04-09 20:09:11','2021-04-09 20:09:11',NULL),(375,5,NULL,375,4,'2021-04-09 20:09:11','2021-04-09 20:09:11',NULL),(376,4,NULL,376,4,'2021-04-09 20:09:11','2021-04-09 20:09:11',NULL),(377,1,NULL,377,4,'2021-04-09 20:09:11','2021-04-09 20:09:11',NULL),(378,10,NULL,378,4,'2021-04-09 20:09:11','2021-04-09 20:09:11',NULL),(379,2,NULL,379,4,'2021-04-09 20:09:11','2021-04-09 20:09:11',NULL),(380,1,NULL,380,4,'2021-04-09 20:09:11','2021-04-09 20:09:11',NULL),(381,500,NULL,381,4,'2021-04-09 20:09:11','2021-04-09 20:09:11',NULL),(382,3,NULL,382,4,'2021-04-09 20:09:11','2021-04-09 20:09:11',NULL),(383,61,NULL,383,4,'2021-04-09 20:09:11','2021-04-09 20:09:11',NULL),(384,5,NULL,384,4,'2021-04-09 20:09:11','2021-04-09 20:09:11',NULL),(385,2,NULL,385,4,'2021-04-09 20:09:11','2021-04-09 20:09:11',NULL),(386,2,NULL,386,4,'2021-04-09 20:09:11','2021-04-09 20:09:11',NULL),(387,12,NULL,387,4,'2021-04-09 20:09:11','2021-04-09 20:09:11',NULL),(388,1,NULL,388,4,'2021-04-09 20:09:11','2021-04-09 20:09:11',NULL),(389,1,NULL,389,4,'2021-04-09 20:09:11','2021-04-09 20:09:11',NULL),(390,5,NULL,390,4,'2021-04-09 20:09:11','2021-04-09 20:09:11',NULL),(391,1,NULL,391,4,'2021-04-09 20:09:11','2021-04-09 20:09:11',NULL),(392,3,NULL,392,4,'2021-04-09 20:09:11','2021-04-09 20:09:11',NULL),(393,1,NULL,393,4,'2021-04-09 20:09:11','2021-04-09 20:09:11',NULL),(394,1,NULL,394,4,'2021-04-09 20:09:11','2021-04-09 20:09:11',NULL),(395,9,NULL,395,4,'2021-04-09 20:09:11','2021-04-09 20:09:11',NULL),(396,6,NULL,396,4,'2021-04-09 20:09:11','2021-04-09 20:09:11',NULL),(397,7,NULL,397,4,'2021-04-09 20:09:11','2021-04-09 20:09:11',NULL),(398,7,NULL,398,4,'2021-04-09 20:09:11','2021-04-09 20:09:11',NULL),(399,2,NULL,399,4,'2021-04-09 20:09:11','2021-04-09 20:09:11',NULL),(400,1,NULL,400,4,'2021-04-09 20:09:11','2021-04-09 20:09:11',NULL),(401,2,NULL,401,4,'2021-04-09 20:09:11','2021-04-09 20:09:11',NULL),(402,5,NULL,402,4,'2021-04-09 20:09:11','2021-04-09 20:09:11',NULL),(403,2,NULL,403,4,'2021-04-09 20:09:11','2021-04-09 20:09:11',NULL),(404,45,NULL,404,4,'2021-04-09 20:09:11','2021-04-09 20:09:11',NULL),(405,11,NULL,405,4,'2021-04-09 20:09:11','2021-04-09 20:09:11',NULL),(406,48,NULL,406,4,'2021-04-09 20:09:11','2021-04-09 20:09:11',NULL),(407,2,NULL,407,4,'2021-04-09 20:09:11','2021-04-09 20:09:11',NULL),(408,100,NULL,408,4,'2021-04-09 20:09:11','2021-04-09 20:09:11',NULL),(409,2,NULL,409,4,'2021-04-09 20:09:11','2021-04-09 20:09:11',NULL),(410,9,NULL,410,4,'2021-04-09 20:09:11','2021-04-09 20:09:11',NULL),(411,96,NULL,411,4,'2021-04-09 20:09:11','2021-04-09 20:09:11',NULL),(412,2,NULL,412,4,'2021-04-09 20:09:11','2021-04-09 20:09:11',NULL),(413,39,NULL,413,4,'2021-04-09 20:09:11','2021-04-09 20:09:11',NULL),(414,0,NULL,414,4,'2021-04-09 20:09:11','2021-04-09 20:09:11',NULL),(415,1,NULL,415,4,'2021-04-09 20:09:11','2021-04-09 20:09:11',NULL),(416,8,NULL,416,4,'2021-04-09 20:09:11','2021-04-09 20:09:11',NULL),(417,10,NULL,417,4,'2021-04-09 20:09:11','2021-04-09 20:09:11',NULL),(418,3,NULL,418,4,'2021-04-09 20:09:11','2021-04-09 20:09:11',NULL),(419,1,NULL,419,4,'2021-04-09 20:09:11','2021-04-09 20:09:11',NULL),(420,1,NULL,420,4,'2021-04-09 20:09:11','2021-04-09 20:09:11',NULL),(421,25,NULL,421,4,'2021-04-09 20:09:11','2021-04-09 20:09:11',NULL),(422,4,NULL,422,4,'2021-04-09 20:09:11','2021-04-09 20:09:11',NULL),(423,10,NULL,423,4,'2021-04-09 20:09:11','2021-04-09 20:09:11',NULL),(424,38,NULL,424,4,'2021-04-09 20:09:11','2021-04-09 20:09:11',NULL),(425,19,NULL,425,4,'2021-04-09 20:09:11','2021-04-09 20:09:11',NULL),(426,3,NULL,426,4,'2021-04-09 20:09:11','2021-04-09 20:09:11',NULL),(427,8,NULL,427,4,'2021-04-09 20:09:11','2021-04-09 20:09:11',NULL),(428,1,NULL,428,4,'2021-04-09 20:09:11','2021-04-09 20:09:11',NULL),(429,17,NULL,429,4,'2021-04-09 20:09:11','2021-04-09 20:09:11',NULL),(430,1,NULL,430,4,'2021-04-09 20:09:11','2021-04-09 20:09:11',NULL),(431,13,NULL,431,4,'2021-04-09 20:09:11','2021-04-09 20:09:11',NULL),(432,5,NULL,432,4,'2021-04-09 20:09:11','2021-04-09 20:09:11',NULL),(433,0,NULL,433,4,'2021-04-09 20:09:11','2021-04-09 20:09:11',NULL),(434,14,NULL,434,4,'2021-04-09 20:09:11','2021-04-09 20:09:11',NULL),(435,6,NULL,435,4,'2021-04-09 20:09:11','2021-04-09 20:09:11',NULL),(436,39,NULL,436,4,'2021-04-09 20:09:11','2021-04-09 20:09:11',NULL),(437,1,NULL,437,4,'2021-04-09 20:09:11','2021-04-09 20:09:11',NULL),(438,0,NULL,438,4,'2021-04-09 20:09:11','2021-04-09 20:09:11',NULL),(439,144,NULL,439,4,'2021-04-09 20:09:11','2021-04-09 20:09:11',NULL),(440,200,NULL,440,4,'2021-04-09 20:09:11','2021-04-09 20:09:11',NULL),(441,76,NULL,441,4,'2021-04-09 20:09:11','2021-04-09 20:09:11',NULL),(442,50,NULL,442,4,'2021-04-09 20:09:11','2021-04-09 20:09:11',NULL),(443,0,NULL,443,4,'2021-04-09 20:09:11','2021-04-09 20:09:11',NULL),(444,1,NULL,444,4,'2021-04-09 20:09:11','2021-04-09 20:09:11',NULL),(445,80,NULL,445,4,'2021-04-09 20:09:11','2021-04-09 20:09:11',NULL),(446,239,NULL,446,4,'2021-04-09 20:09:11','2021-04-09 20:09:11',NULL),(447,41,NULL,447,4,'2021-04-09 20:09:11','2021-04-09 20:09:11',NULL),(448,17,NULL,448,4,'2021-04-09 20:09:11','2021-04-09 20:09:11',NULL),(449,18,NULL,449,4,'2021-04-09 20:09:11','2021-04-09 20:09:11',NULL),(450,7,NULL,450,4,'2021-04-09 20:09:11','2021-04-09 20:09:11',NULL),(451,45,NULL,451,4,'2021-04-09 20:09:11','2021-04-09 20:09:11',NULL),(452,200,NULL,452,4,'2021-04-09 20:09:11','2021-04-09 20:09:11',NULL),(453,325,NULL,453,4,'2021-04-09 20:09:11','2021-04-09 20:09:11',NULL),(454,2,NULL,454,4,'2021-04-09 20:09:11','2021-04-09 20:09:11',NULL),(455,8,NULL,455,4,'2021-04-09 20:09:11','2021-04-09 20:09:11',NULL),(456,2,NULL,456,4,'2021-04-09 20:09:11','2021-04-09 20:09:11',NULL),(457,2,NULL,457,4,'2021-04-09 20:09:11','2021-04-09 20:09:11',NULL),(458,2,NULL,458,4,'2021-04-09 20:09:11','2021-04-09 20:09:11',NULL),(459,4,NULL,459,4,'2021-04-09 20:09:11','2021-04-09 20:09:11',NULL),(460,4,NULL,460,4,'2021-04-09 20:09:11','2021-04-09 20:09:11',NULL),(461,2,NULL,461,4,'2021-04-09 20:09:11','2021-04-09 20:09:11',NULL),(462,6,NULL,462,4,'2021-04-09 20:09:11','2021-04-09 20:09:11',NULL),(463,3,NULL,463,4,'2021-04-09 20:09:11','2021-04-09 20:09:11',NULL),(464,1,NULL,464,4,'2021-04-09 20:09:11','2021-04-09 20:09:11',NULL),(465,1,NULL,465,4,'2021-04-09 20:09:11','2021-04-09 20:09:11',NULL),(466,1,NULL,466,4,'2021-04-09 20:09:11','2021-04-09 20:09:11',NULL),(467,57,NULL,467,4,'2021-04-09 20:09:11','2021-04-09 20:09:11',NULL),(468,27,NULL,468,4,'2021-04-09 20:09:11','2021-04-09 20:09:11',NULL),(469,61,NULL,469,4,'2021-04-09 20:09:11','2021-04-09 20:09:11',NULL),(470,4,NULL,470,4,'2021-04-09 20:09:11','2021-04-09 20:09:11',NULL),(471,1,NULL,471,4,'2021-04-09 20:09:11','2021-04-09 20:09:11',NULL),(472,43,NULL,472,4,'2021-04-09 20:09:11','2021-04-09 20:09:11',NULL),(473,4,NULL,473,4,'2021-04-09 20:09:11','2021-04-09 20:09:11',NULL),(474,4,NULL,474,4,'2021-04-09 20:09:11','2021-04-09 20:09:11',NULL),(475,11,NULL,475,4,'2021-04-09 20:09:11','2021-04-09 20:09:11',NULL),(476,8,NULL,476,4,'2021-04-09 20:09:11','2021-04-09 20:09:11',NULL),(477,5,NULL,477,4,'2021-04-09 20:09:11','2021-04-09 20:09:11',NULL),(478,8,NULL,478,4,'2021-04-09 20:09:11','2021-04-09 20:09:11',NULL),(479,64,NULL,479,4,'2021-04-09 20:09:11','2021-04-09 20:09:11',NULL),(480,1,NULL,480,4,'2021-04-09 20:09:11','2021-04-09 20:09:11',NULL),(481,62,NULL,481,4,'2021-04-09 20:09:11','2021-04-09 20:09:11',NULL),(482,6,NULL,482,4,'2021-04-09 20:09:11','2021-04-09 20:09:11',NULL),(483,7,NULL,483,4,'2021-04-09 20:09:11','2021-04-09 20:09:11',NULL),(484,17,NULL,484,4,'2021-04-09 20:09:11','2021-04-09 20:09:11',NULL),(485,20,NULL,485,4,'2021-04-09 20:09:11','2021-04-09 20:09:11',NULL),(486,134,NULL,486,4,'2021-04-09 20:09:11','2021-04-09 20:09:11',NULL),(487,6,NULL,487,4,'2021-04-09 20:09:11','2021-04-09 20:09:11',NULL),(488,20,NULL,488,4,'2021-04-09 20:09:11','2021-04-09 20:09:11',NULL),(489,235,NULL,489,4,'2021-04-09 20:09:11','2021-04-09 20:09:11',NULL),(490,1,NULL,490,4,'2021-04-09 20:09:11','2021-04-09 20:09:11',NULL),(491,4,NULL,491,4,'2021-04-09 20:09:11','2021-04-09 20:09:11',NULL),(492,4,NULL,492,4,'2021-04-09 20:09:11','2021-04-09 20:09:11',NULL),(493,1,NULL,493,4,'2021-04-09 20:09:11','2021-04-09 20:09:11',NULL),(494,70,NULL,494,4,'2021-04-09 20:09:11','2021-04-09 20:09:11',NULL),(495,25,NULL,495,4,'2021-04-09 20:09:11','2021-04-09 20:09:11',NULL),(496,15,NULL,496,4,'2021-04-09 20:09:11','2021-04-09 20:09:11',NULL),(497,50,NULL,497,4,'2021-04-09 20:09:11','2021-04-09 20:09:11',NULL),(498,200,NULL,498,4,'2021-04-09 20:09:11','2021-04-09 20:09:11',NULL),(499,100,NULL,499,4,'2021-04-09 20:09:11','2021-04-09 20:09:11',NULL),(500,1,NULL,500,4,'2021-04-09 20:09:11','2021-04-09 20:09:11',NULL),(501,5,NULL,501,4,'2021-04-09 20:09:11','2021-04-09 20:09:11',NULL),(502,68,NULL,502,4,'2021-04-09 20:09:11','2021-04-09 20:09:11',NULL),(503,2,NULL,503,4,'2021-04-09 20:09:11','2021-04-09 20:09:11',NULL),(504,3,NULL,504,4,'2021-04-09 20:09:11','2021-04-09 20:09:11',NULL),(505,0,NULL,505,4,'2021-04-09 20:09:11','2021-04-09 20:09:11',NULL),(506,19,NULL,506,4,'2021-04-09 20:09:11','2021-04-09 20:09:11',NULL),(507,17,NULL,507,4,'2021-04-09 20:09:11','2021-04-09 20:09:11',NULL),(508,10,NULL,508,4,'2021-04-09 20:09:11','2021-04-09 20:09:11',NULL),(509,22,NULL,509,4,'2021-04-09 20:09:11','2021-04-09 20:09:11',NULL),(510,2,NULL,510,4,'2021-04-09 20:09:11','2021-04-09 20:09:11',NULL),(511,1,NULL,511,4,'2021-04-09 20:09:11','2021-04-09 20:09:11',NULL),(512,60,NULL,512,4,'2021-04-09 20:09:11','2021-04-09 20:09:11',NULL),(513,16,NULL,513,4,'2021-04-09 20:09:11','2021-04-09 20:09:11',NULL),(514,33,NULL,514,4,'2021-04-09 20:09:11','2021-04-09 20:09:11',NULL),(515,59,NULL,515,4,'2021-04-09 20:09:11','2021-04-09 20:09:11',NULL),(516,5,NULL,516,4,'2021-04-09 20:09:11','2021-04-09 20:09:11',NULL),(517,17,NULL,517,4,'2021-04-09 20:09:11','2021-04-09 20:09:11',NULL),(518,9,NULL,518,4,'2021-04-09 20:09:11','2021-04-09 20:09:11',NULL),(519,1,NULL,519,4,'2021-04-09 20:09:11','2021-04-09 20:09:11',NULL),(520,2,NULL,520,4,'2021-04-09 20:09:11','2021-04-09 20:09:11',NULL),(521,1,NULL,521,4,'2021-04-09 20:09:11','2021-04-09 20:09:11',NULL),(522,0,NULL,522,4,'2021-04-09 20:09:11','2021-04-09 20:09:11',NULL),(523,29,NULL,523,4,'2021-04-09 20:09:11','2021-04-09 20:09:11',NULL),(524,6,NULL,524,4,'2021-04-09 20:09:11','2021-04-09 20:09:11',NULL),(525,1,NULL,525,4,'2021-04-09 20:09:11','2021-04-09 20:09:11',NULL),(526,40,NULL,526,4,'2021-04-09 20:09:11','2021-04-09 20:09:11',NULL),(527,4,NULL,527,4,'2021-04-09 20:09:11','2021-04-09 20:09:11',NULL),(528,1,NULL,528,4,'2021-04-09 20:09:11','2021-04-09 20:09:11',NULL),(529,1,NULL,529,4,'2021-04-09 20:09:11','2021-04-09 20:09:11',NULL),(530,13,NULL,530,4,'2021-04-09 20:09:11','2021-04-09 20:09:11',NULL),(531,17,NULL,531,4,'2021-04-09 20:09:11','2021-04-09 20:09:11',NULL),(532,3,NULL,532,4,'2021-04-09 20:09:11','2021-04-09 20:09:11',NULL),(533,44,NULL,533,4,'2021-04-09 20:09:11','2021-04-09 20:09:11',NULL),(534,10,NULL,534,4,'2021-04-09 20:09:11','2021-04-09 20:09:11',NULL),(535,6,NULL,535,4,'2021-04-09 20:09:11','2021-04-09 20:09:11',NULL),(536,18,NULL,536,4,'2021-04-09 20:09:11','2021-04-09 20:09:11',NULL),(537,20,NULL,537,4,'2021-04-09 20:09:11','2021-04-09 20:09:11',NULL),(538,2,NULL,538,4,'2021-04-09 20:09:11','2021-04-09 20:09:11',NULL),(539,7,NULL,539,4,'2021-04-09 20:09:11','2021-04-09 20:09:11',NULL),(540,10,NULL,540,4,'2021-04-09 20:09:11','2021-04-09 20:09:11',NULL),(541,16,NULL,541,4,'2021-04-09 20:09:11','2021-04-09 20:09:11',NULL),(542,24,NULL,542,4,'2021-04-09 20:09:11','2021-04-09 20:09:11',NULL),(543,40,NULL,543,4,'2021-04-09 20:09:11','2021-04-09 20:09:11',NULL),(544,16,NULL,544,4,'2021-04-09 20:09:11','2021-04-09 20:09:11',NULL),(545,6,NULL,545,4,'2021-04-09 20:09:11','2021-04-09 20:09:11',NULL),(546,2,NULL,546,4,'2021-04-09 20:09:11','2021-04-09 20:09:11',NULL),(547,44,NULL,547,4,'2021-04-09 20:09:11','2021-04-09 20:09:11',NULL),(548,2,NULL,548,4,'2021-04-09 20:09:11','2021-04-09 20:09:11',NULL),(549,66,NULL,549,4,'2021-04-09 20:09:11','2021-04-09 20:09:11',NULL),(550,1,NULL,550,4,'2021-04-09 20:09:11','2021-04-09 20:09:11',NULL),(551,41,NULL,551,4,'2021-04-09 20:09:11','2021-04-09 20:09:11',NULL),(552,2,NULL,552,4,'2021-04-09 20:09:11','2021-04-09 20:09:11',NULL),(553,7,NULL,553,4,'2021-04-09 20:09:11','2021-04-09 20:09:11',NULL),(554,7,NULL,554,4,'2021-04-09 20:09:11','2021-04-09 20:09:11',NULL),(555,13,NULL,555,4,'2021-04-09 20:09:11','2021-04-09 20:09:11',NULL),(556,6,NULL,556,4,'2021-04-09 20:09:11','2021-04-09 20:09:11',NULL),(557,18,NULL,557,4,'2021-04-09 20:09:11','2021-04-09 20:09:11',NULL),(558,42,NULL,558,4,'2021-04-09 20:09:11','2021-04-09 20:09:11',NULL),(559,3,NULL,559,4,'2021-04-09 20:09:11','2021-04-09 20:09:11',NULL),(560,12,NULL,560,4,'2021-04-09 20:09:11','2021-04-09 20:09:11',NULL),(561,15,NULL,561,4,'2021-04-09 20:09:11','2021-04-09 20:09:11',NULL),(562,3,NULL,562,4,'2021-04-09 20:09:11','2021-04-09 20:09:11',NULL),(563,13,NULL,563,4,'2021-04-09 20:09:11','2021-04-09 20:09:11',NULL),(564,2,NULL,564,4,'2021-04-09 20:09:11','2021-04-09 20:09:11',NULL),(565,0,NULL,565,4,'2021-04-09 20:09:11','2021-04-09 20:09:11',NULL),(566,1,NULL,566,4,'2021-04-09 20:09:11','2021-04-09 20:09:11',NULL),(567,1,NULL,567,4,'2021-04-09 20:09:11','2021-04-09 20:09:11',NULL),(568,6,NULL,568,4,'2021-04-09 20:09:11','2021-04-09 20:09:11',NULL),(569,1,NULL,569,4,'2021-04-09 20:09:11','2021-04-09 20:09:11',NULL),(570,1,NULL,570,4,'2021-04-09 20:09:11','2021-04-09 20:09:11',NULL),(571,1,NULL,571,4,'2021-04-09 20:09:11','2021-04-09 20:09:11',NULL),(572,1,NULL,572,4,'2021-04-09 20:09:11','2021-04-09 20:09:11',NULL),(573,1,NULL,573,4,'2021-04-09 20:09:11','2021-04-09 20:09:11',NULL),(574,1,NULL,574,4,'2021-04-09 20:09:11','2021-04-09 20:09:11',NULL),(575,4,NULL,575,4,'2021-04-09 20:09:11','2021-04-09 20:09:11',NULL),(576,7,NULL,576,4,'2021-04-09 20:09:11','2021-04-09 20:09:11',NULL),(577,1,NULL,577,4,'2021-04-09 20:09:11','2021-04-09 20:09:11',NULL),(578,1,NULL,578,4,'2021-04-09 20:09:11','2021-04-09 20:09:11',NULL),(579,98,NULL,579,4,'2021-04-09 20:09:11','2021-04-09 20:09:11',NULL),(580,1,NULL,580,4,'2021-04-09 20:09:11','2021-04-09 20:09:11',NULL),(581,1,NULL,581,4,'2021-04-09 20:09:11','2021-04-09 20:09:11',NULL),(582,1,NULL,582,4,'2021-04-09 20:09:11','2021-04-09 20:09:11',NULL),(583,1,NULL,583,4,'2021-04-09 20:09:11','2021-04-09 20:09:11',NULL),(584,20,NULL,584,4,'2021-04-09 20:09:11','2021-04-09 20:09:11',NULL),(585,1,NULL,585,4,'2021-04-09 20:09:11','2021-04-09 20:09:11',NULL),(586,9,NULL,586,4,'2021-04-09 20:09:11','2021-04-09 20:09:11',NULL),(587,6,NULL,587,4,'2021-04-09 20:09:11','2021-04-09 20:09:11',NULL),(588,2,NULL,588,4,'2021-04-09 20:09:11','2021-04-09 20:09:11',NULL),(589,6,NULL,589,4,'2021-04-09 20:09:11','2021-04-09 20:09:11',NULL),(590,1,NULL,590,4,'2021-04-09 20:09:11','2021-04-09 20:09:11',NULL),(591,1,NULL,591,4,'2021-04-09 20:09:11','2021-04-09 20:09:11',NULL),(592,4,NULL,592,4,'2021-04-09 20:09:11','2021-04-09 20:09:11',NULL),(593,3,NULL,593,4,'2021-04-09 20:09:11','2021-04-09 20:09:11',NULL),(594,5,NULL,594,4,'2021-04-09 20:09:11','2021-04-09 20:09:11',NULL),(595,10000,NULL,595,4,'2021-04-09 20:09:11','2021-04-09 20:09:11',NULL),(596,2,NULL,596,4,'2021-04-09 20:09:11','2021-04-09 20:09:11',NULL),(597,300,NULL,597,4,'2021-04-09 20:09:11','2021-04-09 20:09:11',NULL),(598,0,NULL,598,4,'2021-04-09 20:09:11','2021-04-09 20:09:11',NULL);
/*!40000 ALTER TABLE `detalle_ingreso` ENABLE KEYS */;
UNLOCK TABLES;

--
-- Table structure for table `detalle_salida`
--

DROP TABLE IF EXISTS `detalle_salida`;
/*!40101 SET @saved_cs_client     = @@character_set_client */;
/*!50503 SET character_set_client = utf8mb4 */;
CREATE TABLE `detalle_salida` (
  `id` bigint(20) unsigned NOT NULL AUTO_INCREMENT,
  `cantidad` double NOT NULL,
  `descripcion` text CHARACTER SET utf8mb4 COLLATE utf8mb4_unicode_ci,
  `lote_id` bigint(20) unsigned NOT NULL,
  `salida_id` bigint(20) unsigned NOT NULL,
  `created_at` timestamp NULL DEFAULT NULL,
  `updated_at` timestamp NULL DEFAULT NULL,
  `deleted_at` timestamp NULL DEFAULT NULL,
  PRIMARY KEY (`id`),
  KEY `detalle_salida_lote_id_foreign` (`lote_id`),
  KEY `detalle_salida_salida_id_foreign` (`salida_id`),
  CONSTRAINT `detalle_salida_lote_id_foreign` FOREIGN KEY (`lote_id`) REFERENCES `lote` (`id`) ON DELETE RESTRICT ON UPDATE CASCADE,
  CONSTRAINT `detalle_salida_salida_id_foreign` FOREIGN KEY (`salida_id`) REFERENCES `salida` (`id`) ON DELETE RESTRICT ON UPDATE RESTRICT
) ENGINE=InnoDB AUTO_INCREMENT=34 DEFAULT CHARSET=utf8mb4 COLLATE=utf8mb4_unicode_ci;
/*!40101 SET character_set_client = @saved_cs_client */;

--
-- Dumping data for table `detalle_salida`
--

LOCK TABLES `detalle_salida` WRITE;
/*!40000 ALTER TABLE `detalle_salida` DISABLE KEYS */;
INSERT INTO `detalle_salida` VALUES (1,2,NULL,99,1,'2021-01-04 18:12:05','2021-01-04 18:12:05',NULL),(2,4,NULL,104,1,'2021-01-04 18:12:05','2021-01-04 18:12:05',NULL),(3,1,NULL,118,1,'2021-01-04 18:12:05','2021-01-04 18:12:05',NULL),(4,1,NULL,117,1,'2021-01-04 18:12:05','2021-01-04 18:12:05',NULL),(5,1,NULL,120,1,'2021-01-04 18:12:05','2021-01-04 18:12:05',NULL),(6,1,NULL,106,1,'2021-01-04 18:12:05','2021-01-04 18:12:05',NULL),(7,1,NULL,122,1,'2021-01-04 18:12:05','2021-01-04 18:12:05',NULL),(8,3,NULL,128,2,'2021-01-04 18:28:24','2021-01-04 18:28:24',NULL),(9,1,NULL,98,2,'2021-01-04 18:28:24','2021-01-04 18:28:24',NULL),(10,1,NULL,120,2,'2021-01-04 18:28:24','2021-01-04 18:28:24',NULL),(11,2,NULL,106,2,'2021-01-04 18:28:24','2021-01-04 18:28:24',NULL),(12,1,NULL,108,2,'2021-01-04 18:28:24','2021-01-04 18:28:24',NULL),(13,2,NULL,109,2,'2021-01-04 18:28:24','2021-01-04 18:28:24',NULL),(14,1,NULL,100,2,'2021-01-04 18:28:24','2021-01-04 18:28:24',NULL),(15,1,NULL,121,2,'2021-01-04 18:28:24','2021-01-04 18:28:24',NULL),(16,1,NULL,107,2,'2021-01-04 18:28:24','2021-01-04 18:28:24',NULL),(17,300,NULL,2,3,'2021-01-04 18:38:03','2021-01-04 18:38:03',NULL),(18,700,NULL,4,3,'2021-01-04 18:38:03','2021-01-04 18:38:03',NULL),(19,1,NULL,8,3,'2021-01-04 18:38:03','2021-01-04 18:38:03',NULL),(20,500,NULL,9,3,'2021-01-04 18:38:03','2021-01-04 18:38:03',NULL),(21,1,NULL,253,4,'2021-01-04 18:52:25','2021-01-04 18:52:25',NULL),(22,3,NULL,191,4,'2021-01-04 18:52:25','2021-01-04 18:52:25',NULL),(23,2,NULL,229,4,'2021-01-04 18:52:25','2021-01-04 18:52:25',NULL),(24,2,NULL,136,4,'2021-01-04 18:52:25','2021-01-04 18:52:25',NULL),(25,9,NULL,211,4,'2021-01-04 18:52:25','2021-01-04 18:52:25',NULL),(26,2,NULL,218,4,'2021-01-04 18:52:25','2021-01-04 18:52:25',NULL),(27,2,NULL,56,5,'2021-01-04 19:10:21','2021-01-04 19:10:21',NULL),(28,1,NULL,57,5,'2021-01-04 19:10:21','2021-01-04 19:10:21',NULL),(29,4,NULL,118,5,'2021-01-04 19:10:21','2021-01-04 19:10:21',NULL),(30,2,NULL,120,5,'2021-01-04 19:10:21','2021-01-04 19:10:21',NULL),(31,6,NULL,128,5,'2021-01-04 19:10:21','2021-01-04 19:10:21',NULL),(32,20,NULL,186,6,'2021-02-22 15:38:30','2021-02-22 15:38:30',NULL),(33,49,NULL,75,7,'2021-04-09 20:03:16','2021-04-09 20:03:16',NULL);
/*!40000 ALTER TABLE `detalle_salida` ENABLE KEYS */;
UNLOCK TABLES;

--
-- Table structure for table `devolucion`
--

DROP TABLE IF EXISTS `devolucion`;
/*!40101 SET @saved_cs_client     = @@character_set_client */;
/*!50503 SET character_set_client = utf8mb4 */;
CREATE TABLE `devolucion` (
  `id_devolucion` bigint(20) unsigned NOT NULL,
  `motivo` varchar(255) CHARACTER SET utf8mb4 COLLATE utf8mb4_unicode_ci DEFAULT NULL,
  `observacion` text CHARACTER SET utf8mb4 COLLATE utf8mb4_unicode_ci,
  `id_salida` bigint(20) unsigned NOT NULL,
  `usuario_id` bigint(20) unsigned NOT NULL,
  PRIMARY KEY (`id_devolucion`),
  KEY `devolucion_id_salida_foreign` (`id_salida`),
  KEY `devolucion_usuario_id_foreign` (`usuario_id`),
  CONSTRAINT `devolucion_id_devolucion_foreign` FOREIGN KEY (`id_devolucion`) REFERENCES `ingreso` (`id`) ON DELETE RESTRICT ON UPDATE CASCADE,
  CONSTRAINT `devolucion_id_salida_foreign` FOREIGN KEY (`id_salida`) REFERENCES `salida` (`id`) ON DELETE RESTRICT ON UPDATE CASCADE,
  CONSTRAINT `devolucion_usuario_id_foreign` FOREIGN KEY (`usuario_id`) REFERENCES `usuario` (`id_usuario`) ON DELETE RESTRICT ON UPDATE CASCADE
) ENGINE=InnoDB DEFAULT CHARSET=utf8mb4 COLLATE=utf8mb4_unicode_ci;
/*!40101 SET character_set_client = @saved_cs_client */;

--
-- Dumping data for table `devolucion`
--

LOCK TABLES `devolucion` WRITE;
/*!40000 ALTER TABLE `devolucion` DISABLE KEYS */;
/*!40000 ALTER TABLE `devolucion` ENABLE KEYS */;
UNLOCK TABLES;

--
-- Table structure for table `donacion`
--

DROP TABLE IF EXISTS `donacion`;
/*!40101 SET @saved_cs_client     = @@character_set_client */;
/*!50503 SET character_set_client = utf8mb4 */;
CREATE TABLE `donacion` (
  `id_donacion` bigint(20) unsigned NOT NULL,
  `tipo_donacion` enum('ADO','DCO') CHARACTER SET utf8mb4 COLLATE utf8mb4_unicode_ci NOT NULL,
  `nro_acta` varchar(15) CHARACTER SET utf8mb4 COLLATE utf8mb4_unicode_ci NOT NULL,
  `fecha_acta` date DEFAULT NULL,
  KEY `donacion_id_donacion_foreign` (`id_donacion`),
  CONSTRAINT `donacion_id_donacion_foreign` FOREIGN KEY (`id_donacion`) REFERENCES `ingreso` (`id`) ON DELETE CASCADE ON UPDATE CASCADE
) ENGINE=InnoDB DEFAULT CHARSET=utf8mb4 COLLATE=utf8mb4_unicode_ci;
/*!40101 SET character_set_client = @saved_cs_client */;

--
-- Dumping data for table `donacion`
--

LOCK TABLES `donacion` WRITE;
/*!40000 ALTER TABLE `donacion` DISABLE KEYS */;
/*!40000 ALTER TABLE `donacion` ENABLE KEYS */;
UNLOCK TABLES;

--
-- Table structure for table `funcionario`
--

DROP TABLE IF EXISTS `funcionario`;
/*!40101 SET @saved_cs_client     = @@character_set_client */;
/*!50503 SET character_set_client = utf8mb4 */;
CREATE TABLE `funcionario` (
  `id` bigint(20) unsigned NOT NULL AUTO_INCREMENT,
  `nombre` varchar(50) CHARACTER SET utf8mb4 COLLATE utf8mb4_unicode_ci NOT NULL,
  `apellido` varchar(100) CHARACTER SET utf8mb4 COLLATE utf8mb4_unicode_ci NOT NULL,
  `documento` varchar(15) CHARACTER SET utf8mb4 COLLATE utf8mb4_unicode_ci NOT NULL,
  `telefono` varchar(15) CHARACTER SET utf8mb4 COLLATE utf8mb4_unicode_ci DEFAULT NULL,
  `direccion` varchar(150) CHARACTER SET utf8mb4 COLLATE utf8mb4_unicode_ci DEFAULT NULL,
  `created_at` timestamp NULL DEFAULT NULL,
  `updated_at` timestamp NULL DEFAULT NULL,
  `deleted_at` timestamp NULL DEFAULT NULL,
  PRIMARY KEY (`id`),
  UNIQUE KEY `funcionario_documento_unique` (`documento`)
) ENGINE=InnoDB AUTO_INCREMENT=27 DEFAULT CHARSET=utf8mb4 COLLATE=utf8mb4_unicode_ci;
/*!40101 SET character_set_client = @saved_cs_client */;

--
-- Dumping data for table `funcionario`
--

LOCK TABLES `funcionario` WRITE;
/*!40000 ALTER TABLE `funcionario` DISABLE KEYS */;
INSERT INTO `funcionario` VALUES (1,'Carlos Manuel','Perez Guerra','10342838','-','-','2021-01-10 03:47:04','2021-01-15 16:44:38',NULL),(2,'Guillermo','Soto Martinez','3662824','-','-','2021-01-15 16:36:51','2021-01-15 16:44:05',NULL),(3,'Jhonny','Mamani Cruz','3978120','-','-','2021-01-15 16:37:43','2021-01-15 16:43:48',NULL),(4,'Edgar David','Negrete Luna','5679821','-','-','2021-01-15 16:38:12','2021-01-04 18:17:57',NULL),(5,'Nancy','Urzagaste Pantoja','1337055','-','-','2021-01-15 16:39:04','2021-01-15 16:43:22',NULL),(6,'Maximo','Choque Amador','1327940','-','-','2021-01-15 16:39:31','2021-01-15 16:42:57',NULL),(7,'Marlene','Choque Rengel','4081306','-','-','2021-01-15 16:40:05','2021-01-15 16:42:42',NULL),(8,'Angélica Arminda','Caballero Sandi','5488132','-','-','2021-01-15 16:41:03','2021-01-15 16:42:28',NULL),(9,'Winston','Zeballos Arcienega','3646436','-','-','2021-01-15 16:45:41','2021-01-15 16:45:41',NULL),(10,'Osvaldo','Arias Miranda','3704734','-','-','2021-01-15 16:46:04','2021-01-15 16:46:04',NULL),(11,'Leonor','Singo Valda','4085781','-','-','2021-01-15 16:46:26','2021-01-15 16:46:26',NULL),(12,'Erika','Nuñez Dominguez','1140874','-','-','2021-01-15 16:46:54','2021-01-15 16:46:54',NULL),(13,'Sly Sonia','Barrancos Gutierrez','1085966','-','-','2021-01-15 16:48:33','2021-01-15 16:48:33',NULL),(14,'Gladys Sonia','Vedia Saavedra','3655910','-','-','2021-01-15 16:49:08','2021-01-15 16:49:08',NULL),(15,'Sabino','Clemente Martinez','1058374','-','-','2021-01-15 16:49:40','2021-01-15 16:49:40',NULL),(16,'Ramon','Silva Mora','1081466','-','-','2021-01-15 16:49:53','2021-01-15 16:49:53',NULL),(17,'Amalia','Mercado Vida','1080642','-','-','2021-01-15 16:50:17','2021-01-15 16:50:17',NULL),(18,'Josefina','Tellez Falon','3627229','-','-','2021-01-15 16:50:35','2021-01-15 16:50:35',NULL),(19,'Julian','Paco Estevez','5495419','-','-','2021-01-15 16:50:55','2021-01-15 16:50:55',NULL),(20,'Higenia','Robles Flores','1148800','-','-','2021-01-15 16:51:19','2021-01-15 16:51:19',NULL),(21,'Hilda','Aguilar Camacho','3636628','-','-','2021-01-15 16:51:44','2021-01-15 16:51:44',NULL),(22,'Nery','Noya Ortiz','5633768','-','-','2021-01-15 16:52:02','2021-01-15 16:52:02',NULL),(23,'Apolinar','Macias Ortega','1109980','-','-','2021-01-15 16:52:26','2021-01-15 16:52:26',NULL),(24,'Paulino','Michel Zambrana','1097120','-','-','2021-01-15 16:52:49','2021-01-15 16:52:49',NULL),(25,'Rossemary','Puma Copagira','7491420','-','-','2021-01-15 16:53:15','2021-01-26 20:28:46',NULL),(26,'Ever Roman','Morales Vargas','3693640','-','-','2021-01-15 16:53:32','2021-01-15 16:53:32',NULL);
/*!40000 ALTER TABLE `funcionario` ENABLE KEYS */;
UNLOCK TABLES;

--
-- Table structure for table `ingreso`
--

DROP TABLE IF EXISTS `ingreso`;
/*!40101 SET @saved_cs_client     = @@character_set_client */;
/*!50503 SET character_set_client = utf8mb4 */;
CREATE TABLE `ingreso` (
  `id` bigint(20) unsigned NOT NULL AUTO_INCREMENT,
  `tipo_ingreso` enum('Compra','Devolucion','Donacion','INV_INICIAL') CHARACTER SET utf8mb4 COLLATE utf8mb4_unicode_ci NOT NULL,
  `nro_ingreso` varchar(5) CHARACTER SET utf8mb4 COLLATE utf8mb4_unicode_ci NOT NULL,
  `usuario_id` bigint(20) unsigned NOT NULL,
  `proveedor_id` bigint(20) unsigned DEFAULT NULL,
  `periodo_id` bigint(20) unsigned NOT NULL,
  `observacion` text CHARACTER SET utf8mb4 COLLATE utf8mb4_unicode_ci,
  `created_at` timestamp NULL DEFAULT NULL,
  `updated_at` timestamp NULL DEFAULT NULL,
  `deleted_at` timestamp NULL DEFAULT NULL,
  PRIMARY KEY (`id`),
  KEY `ingreso_usuario_id_foreign` (`usuario_id`),
  KEY `ingreso_proveedor_id_foreign` (`proveedor_id`),
  KEY `ingreso_periodo_id_foreign` (`periodo_id`),
  CONSTRAINT `ingreso_periodo_id_foreign` FOREIGN KEY (`periodo_id`) REFERENCES `periodo` (`id`) ON DELETE RESTRICT ON UPDATE RESTRICT,
  CONSTRAINT `ingreso_proveedor_id_foreign` FOREIGN KEY (`proveedor_id`) REFERENCES `proveedor` (`id`) ON DELETE RESTRICT ON UPDATE RESTRICT,
  CONSTRAINT `ingreso_usuario_id_foreign` FOREIGN KEY (`usuario_id`) REFERENCES `usuario` (`id_usuario`) ON DELETE RESTRICT ON UPDATE RESTRICT
) ENGINE=InnoDB AUTO_INCREMENT=5 DEFAULT CHARSET=utf8mb4 COLLATE=utf8mb4_unicode_ci;
/*!40101 SET character_set_client = @saved_cs_client */;

--
-- Dumping data for table `ingreso`
--

LOCK TABLES `ingreso` WRITE;
/*!40000 ALTER TABLE `ingreso` DISABLE KEYS */;
INSERT INTO `ingreso` VALUES (1,'INV_INICIAL','000',1,NULL,1,NULL,'2021-01-01 04:00:00','2021-01-16 07:15:16',NULL),(2,'Compra','001',1,3,1,'-','2021-02-22 15:35:20','2021-02-22 15:35:20',NULL),(3,'Compra','002',1,3,1,NULL,'2021-04-09 20:00:08','2021-04-09 20:00:08',NULL),(4,'INV_INICIAL','000',1,NULL,2,'NUEVA APERTURA','2022-01-01 04:00:00','2021-04-09 20:09:10',NULL);
/*!40000 ALTER TABLE `ingreso` ENABLE KEYS */;
UNLOCK TABLES;
/*!50003 SET @saved_cs_client      = @@character_set_client */ ;
/*!50003 SET @saved_cs_results     = @@character_set_results */ ;
/*!50003 SET @saved_col_connection = @@collation_connection */ ;
/*!50003 SET character_set_client  = utf8mb4 */ ;
/*!50003 SET character_set_results = utf8mb4 */ ;
/*!50003 SET collation_connection  = utf8mb4_0900_ai_ci */ ;
/*!50003 SET @saved_sql_mode       = @@sql_mode */ ;
/*!50003 SET sql_mode              = 'NO_AUTO_VALUE_ON_ZERO' */ ;
DELIMITER ;;
/*!50003 CREATE*/ /*!50017 DEFINER=`root`@`localhost`*/ /*!50003 TRIGGER `NI_INGRESO_TRIGGER` BEFORE INSERT ON `ingreso` FOR EACH ROW BEGIN

                DECLARE IA INT;

                IF(NEW.tipo_ingreso != 'INV_INICIAL')THEN



                    SET IA = (SELECT COUNT(*)+1 FROM ingreso WHERE periodo_id = NEW.periodo_id AND deleted_at IS NULL AND tipo_ingreso <> 'INV_INICIAL' );

                    IF(IA<10)THEN

                        IF NOT EXISTS( SELECT 1 FROM ingreso WHERE nro_ingreso = CONCAT('00',IA) AND periodo_id = NEW.periodo_id AND deleted_at IS NULL) THEN

                            SET NEW.nro_ingreso = CONCAT('00',IA);

                        ELSE

                            SET IA = IA+1;

                            SET NEW.nro_ingreso = CONCAT('00',IA);

                        END IF;

                        ELSE IF(IA<100) THEN

                               IF NOT EXISTS( SELECT 1 FROM ingreso WHERE nro_ingreso = CONCAT('0',IA) AND periodo_id = NEW.periodo_id AND deleted_at IS NULL)THEN

                                    SET NEW.nro_ingreso = CONCAT('0',IA);

                               ELSE

                                    SET IA = IA+1;

                                    SET NEW.nro_ingreso = CONCAT('0',IA);

                                END IF;

                            ELSE IF(IA<1000)THEN

                                    IF NOT EXISTS(SELECT 1 FROM ingreso WHERE nro_ingreso = IA AND periodo_id = NEW.periodo_id AND deleted_at IS NULL ) THEN

                                    SET NEW.nro_ingreso = IA;

                                ELSE

                                    SET IA = IA+1;

                                    SET NEW.nro_ingreso = IA;

                                 END IF;

                            END IF;

                        END IF;

                    END IF;

                END IF;

            END */;;
DELIMITER ;
/*!50003 SET sql_mode              = @saved_sql_mode */ ;
/*!50003 SET character_set_client  = @saved_cs_client */ ;
/*!50003 SET character_set_results = @saved_cs_results */ ;
/*!50003 SET collation_connection  = @saved_col_connection */ ;

--
-- Table structure for table `lote`
--

DROP TABLE IF EXISTS `lote`;
/*!40101 SET @saved_cs_client     = @@character_set_client */;
/*!50503 SET character_set_client = utf8mb4 */;
CREATE TABLE `lote` (
  `id` bigint(20) unsigned NOT NULL AUTO_INCREMENT,
  `stock` double NOT NULL,
  `saldo` double NOT NULL,
  `precio_u` double NOT NULL,
  `marca` varchar(155) CHARACTER SET utf8mb4 COLLATE utf8mb4_unicode_ci DEFAULT NULL,
  `unidad_medida_id` bigint(20) unsigned DEFAULT NULL,
  `articulo_id` bigint(20) unsigned NOT NULL,
  `created_at` timestamp NULL DEFAULT NULL,
  `updated_at` timestamp NULL DEFAULT NULL,
  `deleted_at` timestamp NULL DEFAULT NULL,
  PRIMARY KEY (`id`),
  KEY `lote_unidad_medida_id_foreign` (`unidad_medida_id`),
  KEY `lote_articulo_id_foreign` (`articulo_id`),
  CONSTRAINT `lote_articulo_id_foreign` FOREIGN KEY (`articulo_id`) REFERENCES `articulo` (`id`) ON DELETE RESTRICT ON UPDATE CASCADE,
  CONSTRAINT `lote_unidad_medida_id_foreign` FOREIGN KEY (`unidad_medida_id`) REFERENCES `unidad_medida` (`id`) ON DELETE RESTRICT ON UPDATE CASCADE
) ENGINE=InnoDB AUTO_INCREMENT=599 DEFAULT CHARSET=utf8mb4 COLLATE=utf8mb4_unicode_ci;
/*!40101 SET character_set_client = @saved_cs_client */;

--
-- Dumping data for table `lote`
--

LOCK TABLES `lote` WRITE;
/*!40000 ALTER TABLE `lote` DISABLE KEYS */;
INSERT INTO `lote` VALUES (1,1150,632.56,0.55005217391304,'-',4,1,'2021-01-01 04:00:00','2021-01-01 04:00:00',NULL),(2,0,0,0.37286666666667,'-',4,2,'2021-01-01 04:00:00','2021-01-04 18:38:03',NULL),(3,10000,1900,0.19,'-',4,1,'2021-01-01 04:00:00','2021-01-01 04:00:00',NULL),(4,6300,1260,0.2,'-',4,2,'2021-01-01 04:00:00','2021-01-04 18:38:03',NULL),(5,5,5.93,1.186,'-',2,5,'2021-01-01 04:00:00','2021-01-01 04:00:00',NULL),(6,8,9.48,1.185,'-',2,6,'2021-01-01 04:00:00','2021-01-01 04:00:00',NULL),(7,8,17.35,2.16875,'-',5,7,'2021-01-01 04:00:00','2021-01-01 04:00:00',NULL),(8,49,1274,26,'-',6,8,'2021-01-01 04:00:00','2021-01-04 18:38:03',NULL),(9,10000,610.4380952381,0.06104380952381,'-',4,276,'2021-01-01 04:00:00','2021-01-04 18:38:03',NULL),(10,30,930,31,'-',6,9,'2021-01-01 04:00:00','2021-01-01 04:00:00',NULL),(11,10,307,30.7,'-',6,9,'2021-01-01 04:00:00','2021-01-01 04:00:00',NULL),(12,1500,78,0.052,'-',4,19,'2021-01-01 04:00:00','2021-01-01 04:00:00',NULL),(13,102,68.05,0.6671568627451,'-',4,10,'2021-01-01 04:00:00','2021-01-01 04:00:00',NULL),(14,246,246,1,'-',4,11,'2021-01-01 04:00:00','2021-01-01 04:00:00',NULL),(15,750,30,0.04,'-',4,13,'2021-01-01 04:00:00','2021-01-01 04:00:00',NULL),(16,360,46.8,0.13,'-',4,21,'2021-01-01 04:00:00','2021-01-01 04:00:00',NULL),(17,2500,400,0.16,'-',4,21,'2021-01-01 04:00:00','2021-01-01 04:00:00',NULL),(18,1500,240,0.16,'-',4,22,'2021-01-01 04:00:00','2021-01-01 04:00:00',NULL),(19,2,4,2,'-',7,14,'2021-01-01 04:00:00','2021-01-01 04:00:00',NULL),(20,8,15.84,1.98,'-',7,15,'2021-01-01 04:00:00','2021-01-01 04:00:00',NULL),(21,6,11.88,1.98,'-',7,16,'2021-01-01 04:00:00','2021-01-01 04:00:00',NULL),(22,78,117,1.5,'-',4,23,'2021-01-01 04:00:00','2021-01-01 04:00:00',NULL),(23,18,18,1,'-',7,17,'2021-01-01 04:00:00','2021-01-01 04:00:00',NULL),(24,18,243,13.5,'-',8,25,'2021-01-01 04:00:00','2021-01-01 04:00:00',NULL),(25,2,1.14,0.57,'-',7,24,'2021-01-01 04:00:00','2021-01-01 04:00:00',NULL),(26,8,300,37.5,'-',8,26,'2021-01-01 04:00:00','2021-01-01 04:00:00',NULL),(27,7,3.4,0.48571428571429,'-',4,27,'2021-01-01 04:00:00','2021-01-01 04:00:00',NULL),(28,1,375,375,'-',9,28,'2021-01-01 04:00:00','2021-01-01 04:00:00',NULL),(29,963,1444.5,1.5,'-',7,29,'2021-01-01 04:00:00','2021-01-01 04:00:00',NULL),(30,40,662.4,16.56,'-',1,30,'2021-01-01 04:00:00','2021-01-01 04:00:00',NULL),(31,7,94.9,13.557142857143,'-',1,31,'2021-01-01 04:00:00','2021-01-01 04:00:00',NULL),(32,6,35,5.8333333333333,'-',1,32,'2021-01-01 04:00:00','2021-01-01 04:00:00',NULL),(33,6,2.7,0.45,'-',4,33,'2021-01-01 04:00:00','2021-01-01 04:00:00',NULL),(34,500,200,0.4,'-',4,34,'2021-01-01 04:00:00','2021-01-01 04:00:00',NULL),(35,4,2.2,0.55,'-',4,35,'2021-01-01 04:00:00','2021-01-01 04:00:00',NULL),(36,500,225,0.45,'-',4,35,'2021-01-01 04:00:00','2021-01-01 04:00:00',NULL),(37,4,2.2,0.55,'-',4,36,'2021-01-01 04:00:00','2021-01-01 04:00:00',NULL),(38,18,352.17,19.565,'-',2,37,'2021-01-01 04:00:00','2021-01-01 04:00:00',NULL),(39,6,62.85,10.475,'-',5,38,'2021-01-01 04:00:00','2021-01-01 04:00:00',NULL),(40,30,91.5,3.05,'-',2,39,'2021-01-01 04:00:00','2021-01-01 04:00:00',NULL),(41,18,36,2,'-',4,40,'2021-01-01 04:00:00','2021-01-01 04:00:00',NULL),(42,25,50,2,'-',4,41,'2021-01-01 04:00:00','2021-01-01 04:00:00',NULL),(43,5453,2999.15,0.55,'-',4,42,'2021-01-01 04:00:00','2021-01-01 04:00:00',NULL),(44,16,59.59,3.724375,'-',8,43,'2021-01-01 04:00:00','2021-01-01 04:00:00',NULL),(45,3,56,18.666666666667,'-',2,44,'2021-01-01 04:00:00','2021-01-01 04:00:00',NULL),(46,302,70.42,0.23317880794702,'-',2,46,'2021-01-01 04:00:00','2021-01-01 04:00:00',NULL),(47,270,45.13,0.16714814814815,'-',2,47,'2021-01-01 04:00:00','2021-01-01 04:00:00',NULL),(48,200,100,0.5,'-',2,47,'2021-01-01 04:00:00','2021-01-01 04:00:00',NULL),(49,30,30,1,'-',2,48,'2021-01-01 04:00:00','2021-01-01 04:00:00',NULL),(50,12,4.8,0.4,'-',2,49,'2021-01-01 04:00:00','2021-01-01 04:00:00',NULL),(51,800,480,0.6,'-',2,50,'2021-01-01 04:00:00','2021-01-01 04:00:00',NULL),(52,200,600,3,'-',2,51,'2021-01-01 04:00:00','2021-01-01 04:00:00',NULL),(53,215,107.5,0.5,'-',2,50,'2021-01-01 04:00:00','2021-01-01 04:00:00',NULL),(54,150,34.75,0.23166666666667,'-',2,52,'2021-01-01 04:00:00','2021-01-01 04:00:00',NULL),(55,39,34.2,0.87692307692308,'-',2,53,'2021-01-01 04:00:00','2021-01-01 04:00:00',NULL),(56,1,250,250,'-',16,54,'2021-01-01 04:00:00','2021-01-04 19:10:21',NULL),(57,2,320,160,'-',10,55,'2021-01-01 04:00:00','2021-01-04 19:10:21',NULL),(58,2,296,148,'-',11,56,'2021-01-01 04:00:00','2021-01-01 04:00:00',NULL),(59,3,66,22,'-',1,57,'2021-01-01 04:00:00','2021-01-01 04:00:00',NULL),(60,7,224,32,'-',10,58,'2021-01-01 04:00:00','2021-01-01 04:00:00',NULL),(61,75,3450,46,'-',12,59,'2021-01-01 04:00:00','2021-01-01 04:00:00',NULL),(62,1,250,250,'-',1,60,'2021-01-01 04:00:00','2021-01-01 04:00:00',NULL),(63,1,7.92,7.92,'-',2,61,'2021-01-01 04:00:00','2021-01-01 04:00:00',NULL),(64,3,24,8,'-',10,62,'2021-01-01 04:00:00','2021-01-01 04:00:00',NULL),(65,10,2500,250,'MONOPOL',17,63,'2021-01-01 04:00:00','2021-01-01 04:00:00',NULL),(66,4,260,65,'-',1,64,'2021-01-01 04:00:00','2021-01-01 04:00:00',NULL),(67,2,130,65,'-',13,65,'2021-01-01 04:00:00','2021-01-01 04:00:00',NULL),(68,3,585,195,'-',1,66,'2021-01-01 04:00:00','2021-01-01 04:00:00',NULL),(69,2,700,350,'-',1,67,'2021-01-01 04:00:00','2021-01-01 04:00:00',NULL),(70,5,80,16,'-',18,68,'2021-01-01 04:00:00','2021-01-01 04:00:00',NULL),(71,4,150,37.5,'-',1,69,'2021-01-01 04:00:00','2021-01-01 04:00:00',NULL),(72,1,25.57,25.57,'-',13,70,'2021-01-01 04:00:00','2021-01-01 04:00:00',NULL),(73,10,100,10,'-',1,71,'2021-01-01 04:00:00','2021-01-01 04:00:00',NULL),(74,2,140,70,'-',8,72,'2021-01-01 04:00:00','2021-01-01 04:00:00',NULL),(75,1,10,10,'-',14,73,'2021-01-01 04:00:00','2021-04-09 20:03:16',NULL),(76,3,3750,1250,'-',8,74,'2021-01-01 04:00:00','2021-01-01 04:00:00',NULL),(77,61,17,0.27868852459016,'-',1,75,'2021-01-01 04:00:00','2021-01-01 04:00:00',NULL),(78,5,30,6,'-',1,76,'2021-01-01 04:00:00','2021-01-01 04:00:00',NULL),(79,2,30,15,'-',19,77,'2021-01-01 04:00:00','2021-01-01 04:00:00',NULL),(80,2,240,120,'-',1,78,'2021-01-01 04:00:00','2021-01-01 04:00:00',NULL),(81,12,336,28,'-',1,79,'2021-01-01 04:00:00','2021-01-01 04:00:00',NULL),(82,1,7.78,7.78,'-',13,80,'2021-01-01 04:00:00','2021-01-01 04:00:00',NULL),(83,1,7.78,7.78,'-',13,81,'2021-01-01 04:00:00','2021-01-01 04:00:00',NULL),(84,1,160,160,'-',1,83,'2021-01-01 04:00:00','2021-01-01 04:00:00',NULL),(85,3,200,66.666666666667,'-',1,84,'2021-01-01 04:00:00','2021-01-01 04:00:00',NULL),(86,1,120,120,'-',1,85,'2021-01-01 04:00:00','2021-01-01 04:00:00',NULL),(87,1,16.5,16.5,'-',1,86,'2021-01-01 04:00:00','2021-01-01 04:00:00',NULL),(88,9,61.94,6.8822222222222,'-',1,87,'2021-01-01 04:00:00','2021-01-01 04:00:00',NULL),(89,6,1.2,0.2,'-',1,88,'2021-01-01 04:00:00','2021-01-01 04:00:00',NULL),(90,7,112.33,16.047142857143,'-',1,89,'2021-01-01 04:00:00','2021-01-01 04:00:00',NULL),(91,7,84,12,'-',1,90,'2021-01-01 04:00:00','2021-01-01 04:00:00',NULL),(92,2,360,180,'-',1,91,'2021-01-01 04:00:00','2021-01-01 04:00:00',NULL),(93,1,72,72,'-',20,92,'2021-01-01 04:00:00','2021-01-01 04:00:00',NULL),(94,2,120,60,'-',1,93,'2021-01-01 04:00:00','2021-01-01 04:00:00',NULL),(95,5,185,37,'-',1,94,'2021-01-01 04:00:00','2021-01-01 04:00:00',NULL),(96,2,17,8.5,'-',1,95,'2021-01-01 04:00:00','2021-01-01 04:00:00',NULL),(97,45,900,20,'-',10,96,'2021-01-01 04:00:00','2021-01-01 04:00:00',NULL),(98,11,165,15,'-',1,97,'2021-01-01 04:00:00','2021-01-04 18:28:24',NULL),(99,48,336,7,'-',19,98,'2021-01-01 04:00:00','2021-01-04 18:12:05',NULL),(100,2,53,26.5,'-',6,99,'2021-01-01 04:00:00','2021-01-04 18:28:24',NULL),(101,100,2000,20,'-',6,99,'2021-01-01 04:00:00','2021-01-01 04:00:00',NULL),(102,2,14.7,7.35,'-',6,100,'2021-01-01 04:00:00','2021-01-01 04:00:00',NULL),(103,9,135,15,'-',1,101,'2021-01-01 04:00:00','2021-01-01 04:00:00',NULL),(104,96,2880,30,'-',10,102,'2021-01-01 04:00:00','2021-01-04 18:12:05',NULL),(105,2,160,80,'-',10,103,'2021-01-01 04:00:00','2021-01-01 04:00:00',NULL),(106,39,487.5,12.5,'-',19,104,'2021-01-01 04:00:00','2021-01-04 18:28:24',NULL),(107,0,0,70,'-',10,105,'2021-01-01 04:00:00','2021-01-04 18:28:24',NULL),(108,1,44,44,'-',1,106,'2021-01-01 04:00:00','2021-01-04 18:28:24',NULL),(109,8,40,5,'-',1,107,'2021-01-01 04:00:00','2021-01-04 18:28:24',NULL),(110,10,200,20,'-',1,108,'2021-01-01 04:00:00','2021-01-01 04:00:00',NULL),(111,3,270,90,'-',1,109,'2021-01-01 04:00:00','2021-01-01 04:00:00',NULL),(112,1,70,70,'-',1,110,'2021-01-01 04:00:00','2021-01-01 04:00:00',NULL),(113,1,2.5,2.5,'-',1,111,'2021-01-01 04:00:00','2021-01-01 04:00:00',NULL),(114,25,300,12,'-',1,112,'2021-01-01 04:00:00','2021-01-01 04:00:00',NULL),(115,4,90,22.5,'-',1,113,'2021-01-01 04:00:00','2021-01-01 04:00:00',NULL),(116,10,400,40,'-',1,114,'2021-01-01 04:00:00','2021-01-01 04:00:00',NULL),(117,38,456,12,'-',18,115,'2021-01-01 04:00:00','2021-01-04 18:12:05',NULL),(118,19,437,23,'-',10,116,'2021-01-01 04:00:00','2021-01-04 19:10:21',NULL),(119,3,25.5,8.5,'-',10,117,'2021-01-01 04:00:00','2021-01-01 04:00:00',NULL),(120,8,360,45,'-',10,118,'2021-01-01 04:00:00','2021-01-04 19:10:21',NULL),(121,1,17,17,'-',1,119,'2021-01-01 04:00:00','2021-01-04 18:28:24',NULL),(122,17,297.5,17.5,'-',10,120,'2021-01-01 04:00:00','2021-01-04 18:12:05',NULL),(123,1,48,48,'-',10,121,'2021-01-01 04:00:00','2021-01-01 04:00:00',NULL),(124,13,23.4,1.8,'-',8,122,'2021-01-01 04:00:00','2021-01-01 04:00:00',NULL),(125,5,7.5,1.5,'SCOTT',8,122,'2021-01-01 04:00:00','2021-01-01 04:00:00',NULL),(126,14,126,9,'-',1,124,'2021-01-01 04:00:00','2021-01-01 04:00:00',NULL),(127,6,42,7,'-',1,125,'2021-01-01 04:00:00','2021-01-01 04:00:00',NULL),(128,39,390,10,'-',1,126,'2021-01-01 04:00:00','2021-01-04 19:10:21',NULL),(129,1,1.3,1.3,'-',1,127,'2021-01-01 04:00:00','2021-01-01 04:00:00',NULL),(130,144,150.31,1.0438194444444,'-',14,129,'2021-01-01 04:00:00','2021-01-01 04:00:00',NULL),(131,200,179.56,0.8978,'-',14,129,'2021-01-01 04:00:00','2021-01-01 04:00:00',NULL),(132,76,95.2,1.2526315789474,'-',14,130,'2021-01-01 04:00:00','2021-01-01 04:00:00',NULL),(133,50,250,5,'-',1,131,'2021-01-01 04:00:00','2021-01-01 04:00:00',NULL),(134,1,0.37,0.37,'-',1,133,'2021-01-01 04:00:00','2021-01-01 04:00:00',NULL),(135,80,176,2.2,'-',1,133,'2021-01-01 04:00:00','2021-01-01 04:00:00',NULL),(136,239,438.75838174274,1.8358091286307,'-',1,134,'2021-01-01 04:00:00','2021-01-04 18:52:25',NULL),(137,41,50.2,1.2243902439024,'-',1,135,'2021-01-01 04:00:00','2021-01-01 04:00:00',NULL),(138,17,32.3,1.9,'-',1,136,'2021-01-01 04:00:00','2021-01-01 04:00:00',NULL),(139,18,36,2,'-',1,137,'2021-01-01 04:00:00','2021-01-01 04:00:00',NULL),(140,45,45,1,'MILAN',1,139,'2021-01-01 04:00:00','2021-01-01 04:00:00',NULL),(141,7,10.5,1.5,'SABONIS',1,138,'2021-01-01 04:00:00','2021-01-01 04:00:00',NULL),(142,200,240,1.2,'-',1,140,'2021-01-01 04:00:00','2021-01-01 04:00:00',NULL),(143,325,292.76,0.9008,'-',1,141,'2021-01-01 04:00:00','2021-01-01 04:00:00',NULL),(144,2,353.73,176.865,'HP',1,142,'2021-01-01 04:00:00','2021-01-01 04:00:00',NULL),(145,8,647.48,80.935,'-',1,143,'2021-01-01 04:00:00','2021-01-01 04:00:00',NULL),(146,2,951.22,475.61,'-',1,277,'2021-01-01 04:00:00','2021-01-01 04:00:00',NULL),(147,2,320,160,'CANON',1,144,'2021-01-01 04:00:00','2021-01-01 04:00:00',NULL),(148,2,390,195,'CANON',1,145,'2021-01-01 04:00:00','2021-01-01 04:00:00',NULL),(149,2,380,190,'CANON',1,146,'2021-01-01 04:00:00','2021-01-01 04:00:00',NULL),(150,4,764,191,'CANON',1,147,'2021-01-01 04:00:00','2021-01-01 04:00:00',NULL),(151,4,600,150,'CANON',1,148,'2021-01-01 04:00:00','2021-01-01 04:00:00',NULL),(152,2,270,135,'CANON',1,149,'2021-01-01 04:00:00','2021-01-01 04:00:00',NULL),(153,6,1448.74,241.45666666667,'HP',1,150,'2021-01-01 04:00:00','2021-01-01 04:00:00',NULL),(154,3,714.97,238.32333333333,'HP',1,151,'2021-01-01 04:00:00','2021-01-01 04:00:00',NULL),(155,1,196.33,196.33,'-',1,152,'2021-01-01 04:00:00','2021-01-01 04:00:00',NULL),(156,1,177.1,177.1,'-',1,153,'2021-01-01 04:00:00','2021-01-01 04:00:00',NULL),(157,1,120,120,'HP',1,154,'2021-01-01 04:00:00','2021-01-01 04:00:00',NULL),(158,57,260.38,4.5680701754386,'-',1,155,'2021-01-01 04:00:00','2021-01-01 04:00:00',NULL),(159,27,163.76,6.0651851851852,'-',1,156,'2021-01-01 04:00:00','2021-01-01 04:00:00',NULL),(160,61,801.94,13.146557377049,'SAMSUNG',1,157,'2021-01-01 04:00:00','2021-01-01 04:00:00',NULL),(161,4,26,6.5,'-',15,158,'2021-01-01 04:00:00','2021-01-01 04:00:00',NULL),(162,1,1.35,1.35,'-',15,159,'2021-01-01 04:00:00','2021-01-01 04:00:00',NULL),(163,43,301,7,'-',1,160,'2021-01-01 04:00:00','2021-01-01 04:00:00',NULL),(164,4,128.83,32.2075,'EPSON',1,161,'2021-01-01 04:00:00','2021-01-01 04:00:00',NULL),(165,11,1718.29,156.20818181818,'EPSON',1,162,'2021-01-01 04:00:00','2021-01-01 04:00:00',NULL),(166,8,840,105,'-',1,163,'2021-01-01 04:00:00','2021-01-01 04:00:00',NULL),(167,5,215,43,'EPSON',1,164,'2021-01-01 04:00:00','2021-01-01 04:00:00',NULL),(168,8,68,8.5,'PELIKA',1,165,'2021-01-01 04:00:00','2021-01-01 04:00:00',NULL),(169,64,89.6,1.4,'-',15,166,'2021-01-01 04:00:00','2021-01-01 04:00:00',NULL),(170,1,39,39,'-',15,167,'2021-01-01 04:00:00','2021-01-01 04:00:00',NULL),(171,62,217,3.5,'-',15,168,'2021-01-01 04:00:00','2021-01-01 04:00:00',NULL),(172,6,97.2,16.2,'-',1,169,'2021-01-01 04:00:00','2021-01-01 04:00:00',NULL),(173,7,209.64,29.948571428571,'-',1,170,'2021-01-01 04:00:00','2021-01-01 04:00:00',NULL),(174,17,60.76,3.5741176470588,'-',1,171,'2021-01-01 04:00:00','2021-01-01 04:00:00',NULL),(175,20,300,15,'-',1,172,'2021-01-01 04:00:00','2021-01-01 04:00:00',NULL),(176,134,282.31,2.1067910447761,'-',1,173,'2021-01-01 04:00:00','2021-01-01 04:00:00',NULL),(177,6,6,1,'-',1,174,'2021-01-01 04:00:00','2021-01-01 04:00:00',NULL),(178,20,30,1.5,'-',1,174,'2021-01-01 04:00:00','2021-01-01 04:00:00',NULL),(179,235,521.12,2.2175319148936,'-',1,175,'2021-01-01 04:00:00','2021-01-01 04:00:00',NULL),(180,1,22,22,'-',1,176,'2021-01-01 04:00:00','2021-01-01 04:00:00',NULL),(181,4,192,48,'-',1,176,'2021-01-01 04:00:00','2021-01-01 04:00:00',NULL),(182,4,12,3,'-',1,177,'2021-01-01 04:00:00','2021-01-01 04:00:00',NULL),(183,1,16,16,'-',1,178,'2021-01-01 04:00:00','2021-01-01 04:00:00',NULL),(184,70,158.9,2.27,'-',1,179,'2021-01-01 04:00:00','2021-01-01 04:00:00',NULL),(185,25,150,6,'-',1,180,'2021-01-01 04:00:00','2021-01-01 04:00:00',NULL),(186,15,21,1.4,'-',1,181,'2021-01-01 04:00:00','2021-02-22 15:38:30',NULL),(187,200,44,0.22,'-',1,182,'2021-01-01 04:00:00','2021-01-01 04:00:00',NULL),(188,100,66.96,0.6696,'-',1,183,'2021-01-01 04:00:00','2021-01-01 04:00:00',NULL),(189,1,6,6,'-',15,184,'2021-01-01 04:00:00','2021-01-01 04:00:00',NULL),(190,5,49.14,9.828,'-',15,185,'2021-01-01 04:00:00','2021-01-01 04:00:00',NULL),(191,68,156.4,2.3,'-',15,186,'2021-01-01 04:00:00','2021-01-04 18:52:25',NULL),(192,2,2.73,1.365,'-',15,187,'2021-01-01 04:00:00','2021-01-01 04:00:00',NULL),(193,3,5.33,1.7766666666667,'-',15,188,'2021-01-01 04:00:00','2021-01-01 04:00:00',NULL),(194,300,78,0.26,'-',14,278,'2021-01-01 04:00:00','2021-01-01 04:00:00',NULL),(195,19,266,14,'-',1,190,'2021-01-01 04:00:00','2021-01-01 04:00:00',NULL),(196,17,34,2,'-',1,191,'2021-01-01 04:00:00','2021-01-01 04:00:00',NULL),(197,10,12.5,1.25,'-',1,192,'2021-01-01 04:00:00','2021-01-01 04:00:00',NULL),(198,22,22,1,'-',1,193,'2021-01-01 04:00:00','2021-01-01 04:00:00',NULL),(199,2,3,1.5,'-',1,194,'2021-01-01 04:00:00','2021-01-01 04:00:00',NULL),(200,1,18,18,'-',1,195,'2021-01-01 04:00:00','2021-01-01 04:00:00',NULL),(201,60,335,5.5833333333333,'-',1,196,'2021-01-01 04:00:00','2021-01-01 04:00:00',NULL),(202,16,160,10,'-',1,197,'2021-01-01 04:00:00','2021-01-01 04:00:00',NULL),(203,33,330,10,'-',1,198,'2021-01-01 04:00:00','2021-01-01 04:00:00',NULL),(204,59,590,10,'-',1,199,'2021-01-01 04:00:00','2021-01-01 04:00:00',NULL),(205,5,3.25,0.65,'-',1,200,'2021-01-01 04:00:00','2021-01-01 04:00:00',NULL),(206,17,12.08,0.71058823529412,'-',1,201,'2021-01-01 04:00:00','2021-01-01 04:00:00',NULL),(207,9,25,2.7777777777778,'-',1,202,'2021-01-01 04:00:00','2021-01-01 04:00:00',NULL),(208,1,2.37,2.37,'-',1,203,'2021-01-01 04:00:00','2021-01-01 04:00:00',NULL),(209,2,4.89,2.445,'-',1,204,'2021-01-01 04:00:00','2021-01-01 04:00:00',NULL),(210,1,2.45,2.45,'-',1,205,'2021-01-01 04:00:00','2021-01-01 04:00:00',NULL),(211,0,0,4.5333333333333,'-',1,206,'2021-01-01 04:00:00','2021-01-04 18:52:25',NULL),(212,29,290,10,'PILOT',1,207,'2021-01-01 04:00:00','2021-01-01 04:00:00',NULL),(213,6,6.94,1.1566666666667,'-',6,208,'2021-01-01 04:00:00','2021-01-01 04:00:00',NULL),(214,1,10,10,'UHU',21,209,'2021-01-01 04:00:00','2021-01-01 04:00:00',NULL),(215,4,100,25,'-',1,210,'2021-01-01 04:00:00','2021-01-01 04:00:00',NULL),(216,1,6.6,6.6,'-',1,211,'2021-01-01 04:00:00','2021-01-01 04:00:00',NULL),(217,1,35.58,35.58,'AIDATA',1,212,'2021-01-01 04:00:00','2021-01-01 04:00:00',NULL),(218,13,45.5,3.5,'-',1,213,'2021-01-01 04:00:00','2021-01-04 18:52:25',NULL),(219,17,70.89,4.17,'-',1,214,'2021-01-01 04:00:00','2021-01-01 04:00:00',NULL),(220,3,750,250,'SAMGUNG',1,215,'2021-01-01 04:00:00','2021-01-01 04:00:00',NULL),(221,44,88,2,'-',1,216,'2021-01-01 04:00:00','2021-01-01 04:00:00',NULL),(222,10,21.88,2.188,'-',1,217,'2021-01-01 04:00:00','2021-01-01 04:00:00',NULL),(223,6,24,4,'-',1,218,'2021-01-01 04:00:00','2021-01-01 04:00:00',NULL),(224,18,40.5,2.25,'-',1,219,'2021-01-01 04:00:00','2021-01-01 04:00:00',NULL),(225,20,45,2.25,'-',1,219,'2021-01-01 04:00:00','2021-01-01 04:00:00',NULL),(226,2,70,35,'-',1,220,'2021-01-01 04:00:00','2021-01-01 04:00:00',NULL),(227,7,250,35.714285714286,'-',1,221,'2021-01-01 04:00:00','2021-01-01 04:00:00',NULL),(228,10,143,14.3,'-',1,222,'2021-01-01 04:00:00','2021-01-01 04:00:00',NULL),(229,16,48,3,'-',1,223,'2021-01-01 04:00:00','2021-01-04 18:52:25',NULL),(230,24,16.8,0.7,'-',1,224,'2021-01-01 04:00:00','2021-01-01 04:00:00',NULL),(231,40,60,1.5,'-',1,225,'2021-01-01 04:00:00','2021-01-01 04:00:00',NULL),(232,16,28.8,1.8,'-',1,225,'2021-01-01 04:00:00','2021-01-01 04:00:00',NULL),(233,6,40.22,6.7033333333333,'-',1,227,'2021-01-01 04:00:00','2021-01-01 04:00:00',NULL),(234,2,15,7.5,'-',1,228,'2021-01-01 04:00:00','2021-01-01 04:00:00',NULL),(235,44,440,10,'-',1,229,'2021-01-01 04:00:00','2021-01-01 04:00:00',NULL),(236,2,28,14,'-',1,230,'2021-01-01 04:00:00','2021-01-01 04:00:00',NULL),(237,66,31.68,0.48,'-',1,231,'2021-01-01 04:00:00','2021-01-01 04:00:00',NULL),(238,1,0.7,0.7,'-',1,232,'2021-01-01 04:00:00','2021-01-01 04:00:00',NULL),(239,41,20.5,0.5,'-',1,233,'2021-01-01 04:00:00','2021-01-01 04:00:00',NULL),(240,2,8,4,'ECOWORD',1,234,'2021-01-01 04:00:00','2021-01-01 04:00:00',NULL),(241,7,630,90,'EPSON',1,235,'2021-01-01 04:00:00','2021-01-01 04:00:00',NULL),(242,7,630,90,'EPSON',1,236,'2021-01-01 04:00:00','2021-01-01 04:00:00',NULL),(243,13,1170,90,'EPSON',1,237,'2021-01-01 04:00:00','2021-01-01 04:00:00',NULL),(244,6,540,90,'EPSON',1,238,'2021-01-01 04:00:00','2021-01-01 04:00:00',NULL),(245,18,54,3,'-',1,239,'2021-01-01 04:00:00','2021-01-01 04:00:00',NULL),(246,42,126,3,'-',1,240,'2021-01-01 04:00:00','2021-01-01 04:00:00',NULL),(247,3,9,3,'-',1,241,'2021-01-01 04:00:00','2021-01-01 04:00:00',NULL),(248,12,66,5.5,'-',1,241,'2021-01-01 04:00:00','2021-01-01 04:00:00',NULL),(249,15,110.77,7.3846666666667,'+',1,242,'2021-01-01 04:00:00','2021-01-01 04:00:00',NULL),(250,3,27.07,9.0233333333333,'-',1,243,'2021-01-01 04:00:00','2021-01-01 04:00:00',NULL),(251,13,2327,179,'-',1,244,'2021-01-01 04:00:00','2021-01-01 04:00:00',NULL),(252,2,476,238,'-',1,245,'2021-01-01 04:00:00','2021-01-01 04:00:00',NULL),(253,0,0,179,'-',1,246,'2021-01-01 04:00:00','2021-01-04 18:52:25',NULL),(254,1,2547,2547,'-',1,247,'2021-01-01 04:00:00','2021-01-01 04:00:00',NULL),(255,1,1489,1489,'-',1,248,'2021-01-01 04:00:00','2021-01-01 04:00:00',NULL),(256,6,1920,320,'-',1,249,'2021-01-01 04:00:00','2021-01-01 04:00:00',NULL),(257,1,550,550,'hp',1,250,'2021-01-01 04:00:00','2021-01-01 04:00:00',NULL),(258,1,950,950,'HP',1,251,'2021-01-01 04:00:00','2021-01-01 04:00:00',NULL),(259,1,1000,1000,'HP',1,252,'2021-01-01 04:00:00','2021-01-01 04:00:00',NULL),(260,1,1700,1700,'HP',1,253,'2021-01-01 04:00:00','2021-01-01 04:00:00',NULL),(261,1,650,650,'SAMSUNG',1,254,'2021-01-01 04:00:00','2021-01-01 04:00:00',NULL),(262,1,680,680,'-',1,255,'2021-01-01 04:00:00','2021-01-01 04:00:00',NULL),(263,40,350,8.75,'UHU',21,209,'2021-01-01 04:00:00','2021-01-01 04:00:00',NULL),(264,4,68.6,17.15,'-',1,256,'2021-01-01 04:00:00','2021-01-01 04:00:00',NULL),(265,7,10.5,1.5,'-',1,257,'2021-01-01 04:00:00','2021-01-01 04:00:00',NULL),(266,1,9,9,'-',1,258,'2021-01-01 04:00:00','2021-01-01 04:00:00',NULL),(267,1,5,5,'-',1,259,'2021-01-01 04:00:00','2021-01-01 04:00:00',NULL),(268,98,147,1.5,'-',1,260,'2021-01-01 04:00:00','2021-01-01 04:00:00',NULL),(269,1,12.38,12.38,'-',1,261,'2021-01-01 04:00:00','2021-01-01 04:00:00',NULL),(270,1,2.5,2.5,'-',1,262,'2021-01-01 04:00:00','2021-01-01 04:00:00',NULL),(271,1,28,28,'-',1,263,'2021-01-01 04:00:00','2021-01-01 04:00:00',NULL),(272,1,153,153,'-',1,264,'2021-01-01 04:00:00','2021-01-01 04:00:00',NULL),(273,20,33.7,1.685,'PANASONIC',1,265,'2021-01-01 04:00:00','2021-01-01 04:00:00',NULL),(274,1,5.01,5.01,'-',1,266,'2021-01-01 04:00:00','2021-01-01 04:00:00',NULL),(275,9,45,5,'-',1,267,'2021-01-01 04:00:00','2021-01-01 04:00:00',NULL),(276,6,60,10,'-',1,268,'2021-01-01 04:00:00','2021-01-01 04:00:00',NULL),(277,2,40,20,'-',1,269,'2021-01-01 04:00:00','2021-01-01 04:00:00',NULL),(278,6,132,22,'-',1,270,'2021-01-01 04:00:00','2021-01-01 04:00:00',NULL),(279,1,15,15,'-',1,271,'2021-01-01 04:00:00','2021-01-01 04:00:00',NULL),(280,1,25,25,'-',1,272,'2021-01-01 04:00:00','2021-01-01 04:00:00',NULL),(281,3,55.5,18.5,'-',1,274,'2021-01-01 04:00:00','2021-01-01 04:00:00',NULL),(282,5,290,58,'-',1,275,'2021-01-01 04:00:00','2021-01-01 04:00:00',NULL),(283,0,0,0,NULL,NULL,3,'2021-01-01 04:00:00','2021-01-01 04:00:00',NULL),(284,0,0,0,NULL,NULL,4,'2021-01-01 04:00:00','2021-01-01 04:00:00',NULL),(285,0,0,0,NULL,NULL,12,'2021-01-01 04:00:00','2021-01-01 04:00:00',NULL),(286,0,0,0,NULL,NULL,18,'2021-01-01 04:00:00','2021-01-01 04:00:00',NULL),(287,0,0,0,NULL,NULL,20,'2021-01-01 04:00:00','2021-01-01 04:00:00',NULL),(288,0,0,0,NULL,NULL,45,'2021-01-01 04:00:00','2021-01-01 04:00:00',NULL),(289,0,0,0,NULL,NULL,46,'2021-01-01 04:00:00','2021-01-01 04:00:00',NULL),(290,0,0,0,NULL,NULL,82,'2021-01-01 04:00:00','2021-01-01 04:00:00',NULL),(291,0,0,0,NULL,NULL,123,'2021-01-01 04:00:00','2021-01-01 04:00:00',NULL),(292,0,0,0,NULL,NULL,128,'2021-01-01 04:00:00','2021-01-01 04:00:00',NULL),(293,0,0,0,NULL,NULL,132,'2021-01-01 04:00:00','2021-01-01 04:00:00',NULL),(294,0,0,0,NULL,NULL,189,'2021-01-01 04:00:00','2021-01-01 04:00:00',NULL),(295,0,0,0,NULL,NULL,273,'2021-01-01 04:00:00','2021-01-01 04:00:00',NULL),(296,5,9.98,1.996,'-',1,82,'2021-01-01 04:00:00','2021-01-01 04:00:00',NULL),(297,4,32,8,'-',1,273,'2021-01-01 04:00:00','2021-01-01 04:00:00',NULL),(298,4,28,7,'-',1,160,'2021-01-01 04:00:00','2021-01-01 04:00:00',NULL),(299,50,100,2,'TOP',1,181,'2021-02-22 15:35:20','2021-02-22 15:35:20',NULL),(300,100,250,2.5,'TOP',1,4,'2021-02-22 15:35:20','2021-02-22 15:35:20',NULL),(301,500,800,1.6,'TOP',14,73,'2021-04-09 20:00:08','2021-04-09 20:00:08',NULL),(302,1150,632.56,0.55005217391304,'-',4,1,'2021-04-09 20:09:10','2021-04-09 20:09:10',NULL),(303,10000,1900,0.19,'-',4,1,'2021-04-09 20:09:10','2021-04-09 20:09:10',NULL),(304,6300,1260,0.2,'-',4,2,'2021-04-09 20:09:10','2021-04-09 20:09:10',NULL),(305,0,0,0,NULL,NULL,3,'2021-04-09 20:09:10','2021-04-09 20:09:10',NULL),(306,100,250,2.5,'TOP',1,4,'2021-04-09 20:09:10','2021-04-09 20:09:10',NULL),(307,5,5.93,1.186,'-',2,5,'2021-04-09 20:09:10','2021-04-09 20:09:10',NULL),(308,8,9.48,1.185,'-',2,6,'2021-04-09 20:09:10','2021-04-09 20:09:10',NULL),(309,8,17.35,2.16875,'-',5,7,'2021-04-09 20:09:10','2021-04-09 20:09:10',NULL),(310,49,1274,26,'-',6,8,'2021-04-09 20:09:10','2021-04-09 20:09:10',NULL),(311,30,930,31,'-',6,9,'2021-04-09 20:09:10','2021-04-09 20:09:10',NULL),(312,10,307,30.7,'-',6,9,'2021-04-09 20:09:10','2021-04-09 20:09:10',NULL),(313,102,68.05,0.6671568627451,'-',4,10,'2021-04-09 20:09:10','2021-04-09 20:09:10',NULL),(314,246,246,1,'-',4,11,'2021-04-09 20:09:10','2021-04-09 20:09:10',NULL),(315,0,0,0,NULL,NULL,12,'2021-04-09 20:09:10','2021-04-09 20:09:10',NULL),(316,750,30,0.04,'-',4,13,'2021-04-09 20:09:10','2021-04-09 20:09:10',NULL),(317,2,4,2,'-',7,14,'2021-04-09 20:09:10','2021-04-09 20:09:10',NULL),(318,8,15.84,1.98,'-',7,15,'2021-04-09 20:09:10','2021-04-09 20:09:10',NULL),(319,6,11.88,1.98,'-',7,16,'2021-04-09 20:09:10','2021-04-09 20:09:10',NULL),(320,18,18,1,'-',7,17,'2021-04-09 20:09:10','2021-04-09 20:09:10',NULL),(321,0,0,0,NULL,NULL,18,'2021-04-09 20:09:10','2021-04-09 20:09:10',NULL),(322,1500,78,0.052,'-',4,19,'2021-04-09 20:09:10','2021-04-09 20:09:10',NULL),(323,0,0,0,NULL,NULL,20,'2021-04-09 20:09:10','2021-04-09 20:09:10',NULL),(324,360,46.8,0.13,'-',4,21,'2021-04-09 20:09:10','2021-04-09 20:09:10',NULL),(325,2500,400,0.16,'-',4,21,'2021-04-09 20:09:10','2021-04-09 20:09:10',NULL),(326,1500,240,0.16,'-',4,22,'2021-04-09 20:09:10','2021-04-09 20:09:10',NULL),(327,78,117,1.5,'-',4,23,'2021-04-09 20:09:10','2021-04-09 20:09:10',NULL),(328,2,1.14,0.57,'-',7,24,'2021-04-09 20:09:10','2021-04-09 20:09:10',NULL),(329,18,243,13.5,'-',8,25,'2021-04-09 20:09:10','2021-04-09 20:09:10',NULL),(330,8,300,37.5,'-',8,26,'2021-04-09 20:09:10','2021-04-09 20:09:10',NULL),(331,7,3.4,0.48571428571429,'-',4,27,'2021-04-09 20:09:10','2021-04-09 20:09:10',NULL),(332,1,375,375,'-',9,28,'2021-04-09 20:09:10','2021-04-09 20:09:10',NULL),(333,963,1444.5,1.5,'-',7,29,'2021-04-09 20:09:10','2021-04-09 20:09:10',NULL),(334,40,662.4,16.56,'-',1,30,'2021-04-09 20:09:10','2021-04-09 20:09:10',NULL),(335,7,94.9,13.557142857143,'-',1,31,'2021-04-09 20:09:10','2021-04-09 20:09:10',NULL),(336,6,35,5.8333333333333,'-',1,32,'2021-04-09 20:09:10','2021-04-09 20:09:10',NULL),(337,6,2.7,0.45,'-',4,33,'2021-04-09 20:09:10','2021-04-09 20:09:10',NULL),(338,500,200,0.4,'-',4,34,'2021-04-09 20:09:10','2021-04-09 20:09:10',NULL),(339,4,2.2,0.55,'-',4,35,'2021-04-09 20:09:10','2021-04-09 20:09:10',NULL),(340,500,225,0.45,'-',4,35,'2021-04-09 20:09:10','2021-04-09 20:09:10',NULL),(341,4,2.2,0.55,'-',4,36,'2021-04-09 20:09:10','2021-04-09 20:09:10',NULL),(342,18,352.17,19.565,'-',2,37,'2021-04-09 20:09:10','2021-04-09 20:09:10',NULL),(343,6,62.85,10.475,'-',5,38,'2021-04-09 20:09:10','2021-04-09 20:09:10',NULL),(344,30,91.5,3.05,'-',2,39,'2021-04-09 20:09:10','2021-04-09 20:09:10',NULL),(345,18,36,2,'-',4,40,'2021-04-09 20:09:10','2021-04-09 20:09:10',NULL),(346,25,50,2,'-',4,41,'2021-04-09 20:09:10','2021-04-09 20:09:10',NULL),(347,5453,2999.15,0.55,'-',4,42,'2021-04-09 20:09:10','2021-04-09 20:09:10',NULL),(348,16,59.59,3.724375,'-',8,43,'2021-04-09 20:09:10','2021-04-09 20:09:10',NULL),(349,3,56,18.666666666667,'-',2,44,'2021-04-09 20:09:10','2021-04-09 20:09:10',NULL),(350,0,0,0,NULL,NULL,45,'2021-04-09 20:09:10','2021-04-09 20:09:10',NULL),(351,302,70.42,0.23317880794702,'-',2,46,'2021-04-09 20:09:10','2021-04-09 20:09:10',NULL),(352,270,45.13,0.16714814814815,'-',2,47,'2021-04-09 20:09:10','2021-04-09 20:09:10',NULL),(353,200,100,0.5,'-',2,47,'2021-04-09 20:09:10','2021-04-09 20:09:10',NULL),(354,30,30,1,'-',2,48,'2021-04-09 20:09:10','2021-04-09 20:09:10',NULL),(355,12,4.8,0.4,'-',2,49,'2021-04-09 20:09:10','2021-04-09 20:09:10',NULL),(356,800,480,0.6,'-',2,50,'2021-04-09 20:09:10','2021-04-09 20:09:10',NULL),(357,215,107.5,0.5,'-',2,50,'2021-04-09 20:09:10','2021-04-09 20:09:10',NULL),(358,200,600,3,'-',2,51,'2021-04-09 20:09:10','2021-04-09 20:09:10',NULL),(359,150,34.75,0.23166666666667,'-',2,52,'2021-04-09 20:09:10','2021-04-09 20:09:10',NULL),(360,39,34.2,0.87692307692308,'-',2,53,'2021-04-09 20:09:10','2021-04-09 20:09:10',NULL),(361,1,250,250,'-',16,54,'2021-04-09 20:09:10','2021-04-09 20:09:10',NULL),(362,2,320,160,'-',10,55,'2021-04-09 20:09:10','2021-04-09 20:09:10',NULL),(363,2,296,148,'-',11,56,'2021-04-09 20:09:10','2021-04-09 20:09:10',NULL),(364,3,66,22,'-',1,57,'2021-04-09 20:09:10','2021-04-09 20:09:10',NULL),(365,7,224,32,'-',10,58,'2021-04-09 20:09:10','2021-04-09 20:09:10',NULL),(366,75,3450,46,'-',12,59,'2021-04-09 20:09:11','2021-04-09 20:09:11',NULL),(367,1,250,250,'-',1,60,'2021-04-09 20:09:11','2021-04-09 20:09:11',NULL),(368,1,7.92,7.92,'-',2,61,'2021-04-09 20:09:11','2021-04-09 20:09:11',NULL),(369,3,24,8,'-',10,62,'2021-04-09 20:09:11','2021-04-09 20:09:11',NULL),(370,10,2500,250,'MONOPOL',17,63,'2021-04-09 20:09:11','2021-04-09 20:09:11',NULL),(371,4,260,65,'-',1,64,'2021-04-09 20:09:11','2021-04-09 20:09:11',NULL),(372,2,130,65,'-',13,65,'2021-04-09 20:09:11','2021-04-09 20:09:11',NULL),(373,3,585,195,'-',1,66,'2021-04-09 20:09:11','2021-04-09 20:09:11',NULL),(374,2,700,350,'-',1,67,'2021-04-09 20:09:11','2021-04-09 20:09:11',NULL),(375,5,80,16,'-',18,68,'2021-04-09 20:09:11','2021-04-09 20:09:11',NULL),(376,4,150,37.5,'-',1,69,'2021-04-09 20:09:11','2021-04-09 20:09:11',NULL),(377,1,25.57,25.57,'-',13,70,'2021-04-09 20:09:11','2021-04-09 20:09:11',NULL),(378,10,100,10,'-',1,71,'2021-04-09 20:09:11','2021-04-09 20:09:11',NULL),(379,2,140,70,'-',8,72,'2021-04-09 20:09:11','2021-04-09 20:09:11',NULL),(380,1,10,10,'-',14,73,'2021-04-09 20:09:11','2021-04-09 20:09:11',NULL),(381,500,800,1.6,'TOP',14,73,'2021-04-09 20:09:11','2021-04-09 20:09:11',NULL),(382,3,3750,1250,'-',8,74,'2021-04-09 20:09:11','2021-04-09 20:09:11',NULL),(383,61,17,0.27868852459016,'-',1,75,'2021-04-09 20:09:11','2021-04-09 20:09:11',NULL),(384,5,30,6,'-',1,76,'2021-04-09 20:09:11','2021-04-09 20:09:11',NULL),(385,2,30,15,'-',19,77,'2021-04-09 20:09:11','2021-04-09 20:09:11',NULL),(386,2,240,120,'-',1,78,'2021-04-09 20:09:11','2021-04-09 20:09:11',NULL),(387,12,336,28,'-',1,79,'2021-04-09 20:09:11','2021-04-09 20:09:11',NULL),(388,1,7.78,7.78,'-',13,80,'2021-04-09 20:09:11','2021-04-09 20:09:11',NULL),(389,1,7.78,7.78,'-',13,81,'2021-04-09 20:09:11','2021-04-09 20:09:11',NULL),(390,5,9.98,1.996,'-',1,82,'2021-04-09 20:09:11','2021-04-09 20:09:11',NULL),(391,1,160,160,'-',1,83,'2021-04-09 20:09:11','2021-04-09 20:09:11',NULL),(392,3,200,66.666666666667,'-',1,84,'2021-04-09 20:09:11','2021-04-09 20:09:11',NULL),(393,1,120,120,'-',1,85,'2021-04-09 20:09:11','2021-04-09 20:09:11',NULL),(394,1,16.5,16.5,'-',1,86,'2021-04-09 20:09:11','2021-04-09 20:09:11',NULL),(395,9,61.94,6.8822222222222,'-',1,87,'2021-04-09 20:09:11','2021-04-09 20:09:11',NULL),(396,6,1.2,0.2,'-',1,88,'2021-04-09 20:09:11','2021-04-09 20:09:11',NULL),(397,7,112.33,16.047142857143,'-',1,89,'2021-04-09 20:09:11','2021-04-09 20:09:11',NULL),(398,7,84,12,'-',1,90,'2021-04-09 20:09:11','2021-04-09 20:09:11',NULL),(399,2,360,180,'-',1,91,'2021-04-09 20:09:11','2021-04-09 20:09:11',NULL),(400,1,72,72,'-',20,92,'2021-04-09 20:09:11','2021-04-09 20:09:11',NULL),(401,2,120,60,'-',1,93,'2021-04-09 20:09:11','2021-04-09 20:09:11',NULL),(402,5,185,37,'-',1,94,'2021-04-09 20:09:11','2021-04-09 20:09:11',NULL),(403,2,17,8.5,'-',1,95,'2021-04-09 20:09:11','2021-04-09 20:09:11',NULL),(404,45,900,20,'-',10,96,'2021-04-09 20:09:11','2021-04-09 20:09:11',NULL),(405,11,165,15,'-',1,97,'2021-04-09 20:09:11','2021-04-09 20:09:11',NULL),(406,48,336,7,'-',19,98,'2021-04-09 20:09:11','2021-04-09 20:09:11',NULL),(407,2,53,26.5,'-',6,99,'2021-04-09 20:09:11','2021-04-09 20:09:11',NULL),(408,100,2000,20,'-',6,99,'2021-04-09 20:09:11','2021-04-09 20:09:11',NULL),(409,2,14.7,7.35,'-',6,100,'2021-04-09 20:09:11','2021-04-09 20:09:11',NULL),(410,9,135,15,'-',1,101,'2021-04-09 20:09:11','2021-04-09 20:09:11',NULL),(411,96,2880,30,'-',10,102,'2021-04-09 20:09:11','2021-04-09 20:09:11',NULL),(412,2,160,80,'-',10,103,'2021-04-09 20:09:11','2021-04-09 20:09:11',NULL),(413,39,487.5,12.5,'-',19,104,'2021-04-09 20:09:11','2021-04-09 20:09:11',NULL),(414,0,0,0,NULL,NULL,105,'2021-04-09 20:09:11','2021-04-09 20:09:11',NULL),(415,1,44,44,'-',1,106,'2021-04-09 20:09:11','2021-04-09 20:09:11',NULL),(416,8,40,5,'-',1,107,'2021-04-09 20:09:11','2021-04-09 20:09:11',NULL),(417,10,200,20,'-',1,108,'2021-04-09 20:09:11','2021-04-09 20:09:11',NULL),(418,3,270,90,'-',1,109,'2021-04-09 20:09:11','2021-04-09 20:09:11',NULL),(419,1,70,70,'-',1,110,'2021-04-09 20:09:11','2021-04-09 20:09:11',NULL),(420,1,2.5,2.5,'-',1,111,'2021-04-09 20:09:11','2021-04-09 20:09:11',NULL),(421,25,300,12,'-',1,112,'2021-04-09 20:09:11','2021-04-09 20:09:11',NULL),(422,4,90,22.5,'-',1,113,'2021-04-09 20:09:11','2021-04-09 20:09:11',NULL),(423,10,400,40,'-',1,114,'2021-04-09 20:09:11','2021-04-09 20:09:11',NULL),(424,38,456,12,'-',18,115,'2021-04-09 20:09:11','2021-04-09 20:09:11',NULL),(425,19,437,23,'-',10,116,'2021-04-09 20:09:11','2021-04-09 20:09:11',NULL),(426,3,25.5,8.5,'-',10,117,'2021-04-09 20:09:11','2021-04-09 20:09:11',NULL),(427,8,360,45,'-',10,118,'2021-04-09 20:09:11','2021-04-09 20:09:11',NULL),(428,1,17,17,'-',1,119,'2021-04-09 20:09:11','2021-04-09 20:09:11',NULL),(429,17,297.5,17.5,'-',10,120,'2021-04-09 20:09:11','2021-04-09 20:09:11',NULL),(430,1,48,48,'-',10,121,'2021-04-09 20:09:11','2021-04-09 20:09:11',NULL),(431,13,23.4,1.8,'-',8,122,'2021-04-09 20:09:11','2021-04-09 20:09:11',NULL),(432,5,7.5,1.5,'SCOTT',8,122,'2021-04-09 20:09:11','2021-04-09 20:09:11',NULL),(433,0,0,0,NULL,NULL,123,'2021-04-09 20:09:11','2021-04-09 20:09:11',NULL),(434,14,126,9,'-',1,124,'2021-04-09 20:09:11','2021-04-09 20:09:11',NULL),(435,6,42,7,'-',1,125,'2021-04-09 20:09:11','2021-04-09 20:09:11',NULL),(436,39,390,10,'-',1,126,'2021-04-09 20:09:11','2021-04-09 20:09:11',NULL),(437,1,1.3,1.3,'-',1,127,'2021-04-09 20:09:11','2021-04-09 20:09:11',NULL),(438,0,0,0,NULL,NULL,128,'2021-04-09 20:09:11','2021-04-09 20:09:11',NULL),(439,144,150.31,1.0438194444444,'-',14,129,'2021-04-09 20:09:11','2021-04-09 20:09:11',NULL),(440,200,179.56,0.8978,'-',14,129,'2021-04-09 20:09:11','2021-04-09 20:09:11',NULL),(441,76,95.2,1.2526315789474,'-',14,130,'2021-04-09 20:09:11','2021-04-09 20:09:11',NULL),(442,50,250,5,'-',1,131,'2021-04-09 20:09:11','2021-04-09 20:09:11',NULL),(443,0,0,0,NULL,NULL,132,'2021-04-09 20:09:11','2021-04-09 20:09:11',NULL),(444,1,0.37,0.37,'-',1,133,'2021-04-09 20:09:11','2021-04-09 20:09:11',NULL),(445,80,176,2.2,'-',1,133,'2021-04-09 20:09:11','2021-04-09 20:09:11',NULL),(446,239,438.75838174274,1.8358091286307,'-',1,134,'2021-04-09 20:09:11','2021-04-09 20:09:11',NULL),(447,41,50.2,1.2243902439024,'-',1,135,'2021-04-09 20:09:11','2021-04-09 20:09:11',NULL),(448,17,32.3,1.9,'-',1,136,'2021-04-09 20:09:11','2021-04-09 20:09:11',NULL),(449,18,36,2,'-',1,137,'2021-04-09 20:09:11','2021-04-09 20:09:11',NULL),(450,7,10.5,1.5,'SABONIS',1,138,'2021-04-09 20:09:11','2021-04-09 20:09:11',NULL),(451,45,45,1,'MILAN',1,139,'2021-04-09 20:09:11','2021-04-09 20:09:11',NULL),(452,200,240,1.2,'-',1,140,'2021-04-09 20:09:11','2021-04-09 20:09:11',NULL),(453,325,292.76,0.9008,'-',1,141,'2021-04-09 20:09:11','2021-04-09 20:09:11',NULL),(454,2,353.73,176.865,'HP',1,142,'2021-04-09 20:09:11','2021-04-09 20:09:11',NULL),(455,8,647.48,80.935,'-',1,143,'2021-04-09 20:09:11','2021-04-09 20:09:11',NULL),(456,2,320,160,'CANON',1,144,'2021-04-09 20:09:11','2021-04-09 20:09:11',NULL),(457,2,390,195,'CANON',1,145,'2021-04-09 20:09:11','2021-04-09 20:09:11',NULL),(458,2,380,190,'CANON',1,146,'2021-04-09 20:09:11','2021-04-09 20:09:11',NULL),(459,4,764,191,'CANON',1,147,'2021-04-09 20:09:11','2021-04-09 20:09:11',NULL),(460,4,600,150,'CANON',1,148,'2021-04-09 20:09:11','2021-04-09 20:09:11',NULL),(461,2,270,135,'CANON',1,149,'2021-04-09 20:09:11','2021-04-09 20:09:11',NULL),(462,6,1448.74,241.45666666667,'HP',1,150,'2021-04-09 20:09:11','2021-04-09 20:09:11',NULL),(463,3,714.97,238.32333333333,'HP',1,151,'2021-04-09 20:09:11','2021-04-09 20:09:11',NULL),(464,1,196.33,196.33,'-',1,152,'2021-04-09 20:09:11','2021-04-09 20:09:11',NULL),(465,1,177.1,177.1,'-',1,153,'2021-04-09 20:09:11','2021-04-09 20:09:11',NULL),(466,1,120,120,'HP',1,154,'2021-04-09 20:09:11','2021-04-09 20:09:11',NULL),(467,57,260.38,4.5680701754386,'-',1,155,'2021-04-09 20:09:11','2021-04-09 20:09:11',NULL),(468,27,163.76,6.0651851851852,'-',1,156,'2021-04-09 20:09:11','2021-04-09 20:09:11',NULL),(469,61,801.94,13.146557377049,'SAMSUNG',1,157,'2021-04-09 20:09:11','2021-04-09 20:09:11',NULL),(470,4,26,6.5,'-',15,158,'2021-04-09 20:09:11','2021-04-09 20:09:11',NULL),(471,1,1.35,1.35,'-',15,159,'2021-04-09 20:09:11','2021-04-09 20:09:11',NULL),(472,43,301,7,'-',1,160,'2021-04-09 20:09:11','2021-04-09 20:09:11',NULL),(473,4,28,7,'-',1,160,'2021-04-09 20:09:11','2021-04-09 20:09:11',NULL),(474,4,128.83,32.2075,'EPSON',1,161,'2021-04-09 20:09:11','2021-04-09 20:09:11',NULL),(475,11,1718.29,156.20818181818,'EPSON',1,162,'2021-04-09 20:09:11','2021-04-09 20:09:11',NULL),(476,8,840,105,'-',1,163,'2021-04-09 20:09:11','2021-04-09 20:09:11',NULL),(477,5,215,43,'EPSON',1,164,'2021-04-09 20:09:11','2021-04-09 20:09:11',NULL),(478,8,68,8.5,'PELIKA',1,165,'2021-04-09 20:09:11','2021-04-09 20:09:11',NULL),(479,64,89.6,1.4,'-',15,166,'2021-04-09 20:09:11','2021-04-09 20:09:11',NULL),(480,1,39,39,'-',15,167,'2021-04-09 20:09:11','2021-04-09 20:09:11',NULL),(481,62,217,3.5,'-',15,168,'2021-04-09 20:09:11','2021-04-09 20:09:11',NULL),(482,6,97.2,16.2,'-',1,169,'2021-04-09 20:09:11','2021-04-09 20:09:11',NULL),(483,7,209.64,29.948571428571,'-',1,170,'2021-04-09 20:09:11','2021-04-09 20:09:11',NULL),(484,17,60.76,3.5741176470588,'-',1,171,'2021-04-09 20:09:11','2021-04-09 20:09:11',NULL),(485,20,300,15,'-',1,172,'2021-04-09 20:09:11','2021-04-09 20:09:11',NULL),(486,134,282.31,2.1067910447761,'-',1,173,'2021-04-09 20:09:11','2021-04-09 20:09:11',NULL),(487,6,6,1,'-',1,174,'2021-04-09 20:09:11','2021-04-09 20:09:11',NULL),(488,20,30,1.5,'-',1,174,'2021-04-09 20:09:11','2021-04-09 20:09:11',NULL),(489,235,521.12,2.2175319148936,'-',1,175,'2021-04-09 20:09:11','2021-04-09 20:09:11',NULL),(490,1,22,22,'-',1,176,'2021-04-09 20:09:11','2021-04-09 20:09:11',NULL),(491,4,192,48,'-',1,176,'2021-04-09 20:09:11','2021-04-09 20:09:11',NULL),(492,4,12,3,'-',1,177,'2021-04-09 20:09:11','2021-04-09 20:09:11',NULL),(493,1,16,16,'-',1,178,'2021-04-09 20:09:11','2021-04-09 20:09:11',NULL),(494,70,158.9,2.27,'-',1,179,'2021-04-09 20:09:11','2021-04-09 20:09:11',NULL),(495,25,150,6,'-',1,180,'2021-04-09 20:09:11','2021-04-09 20:09:11',NULL),(496,15,21,1.4,'-',1,181,'2021-04-09 20:09:11','2021-04-09 20:09:11',NULL),(497,50,100,2,'TOP',1,181,'2021-04-09 20:09:11','2021-04-09 20:09:11',NULL),(498,200,44,0.22,'-',1,182,'2021-04-09 20:09:11','2021-04-09 20:09:11',NULL),(499,100,66.96,0.6696,'-',1,183,'2021-04-09 20:09:11','2021-04-09 20:09:11',NULL),(500,1,6,6,'-',15,184,'2021-04-09 20:09:11','2021-04-09 20:09:11',NULL),(501,5,49.14,9.828,'-',15,185,'2021-04-09 20:09:11','2021-04-09 20:09:11',NULL),(502,68,156.4,2.3,'-',15,186,'2021-04-09 20:09:11','2021-04-09 20:09:11',NULL),(503,2,2.73,1.365,'-',15,187,'2021-04-09 20:09:11','2021-04-09 20:09:11',NULL),(504,3,5.33,1.7766666666667,'-',15,188,'2021-04-09 20:09:11','2021-04-09 20:09:11',NULL),(505,0,0,0,NULL,NULL,189,'2021-04-09 20:09:11','2021-04-09 20:09:11',NULL),(506,19,266,14,'-',1,190,'2021-04-09 20:09:11','2021-04-09 20:09:11',NULL),(507,17,34,2,'-',1,191,'2021-04-09 20:09:11','2021-04-09 20:09:11',NULL),(508,10,12.5,1.25,'-',1,192,'2021-04-09 20:09:11','2021-04-09 20:09:11',NULL),(509,22,22,1,'-',1,193,'2021-04-09 20:09:11','2021-04-09 20:09:11',NULL),(510,2,3,1.5,'-',1,194,'2021-04-09 20:09:11','2021-04-09 20:09:11',NULL),(511,1,18,18,'-',1,195,'2021-04-09 20:09:11','2021-04-09 20:09:11',NULL),(512,60,335,5.5833333333333,'-',1,196,'2021-04-09 20:09:11','2021-04-09 20:09:11',NULL),(513,16,160,10,'-',1,197,'2021-04-09 20:09:11','2021-04-09 20:09:11',NULL),(514,33,330,10,'-',1,198,'2021-04-09 20:09:11','2021-04-09 20:09:11',NULL),(515,59,590,10,'-',1,199,'2021-04-09 20:09:11','2021-04-09 20:09:11',NULL),(516,5,3.25,0.65,'-',1,200,'2021-04-09 20:09:11','2021-04-09 20:09:11',NULL),(517,17,12.08,0.71058823529412,'-',1,201,'2021-04-09 20:09:11','2021-04-09 20:09:11',NULL),(518,9,25,2.7777777777778,'-',1,202,'2021-04-09 20:09:11','2021-04-09 20:09:11',NULL),(519,1,2.37,2.37,'-',1,203,'2021-04-09 20:09:11','2021-04-09 20:09:11',NULL),(520,2,4.89,2.445,'-',1,204,'2021-04-09 20:09:11','2021-04-09 20:09:11',NULL),(521,1,2.45,2.45,'-',1,205,'2021-04-09 20:09:11','2021-04-09 20:09:11',NULL),(522,0,0,0,NULL,NULL,206,'2021-04-09 20:09:11','2021-04-09 20:09:11',NULL),(523,29,290,10,'PILOT',1,207,'2021-04-09 20:09:11','2021-04-09 20:09:11',NULL),(524,6,6.94,1.1566666666667,'-',6,208,'2021-04-09 20:09:11','2021-04-09 20:09:11',NULL),(525,1,10,10,'UHU',21,209,'2021-04-09 20:09:11','2021-04-09 20:09:11',NULL),(526,40,350,8.75,'UHU',21,209,'2021-04-09 20:09:11','2021-04-09 20:09:11',NULL),(527,4,100,25,'-',1,210,'2021-04-09 20:09:11','2021-04-09 20:09:11',NULL),(528,1,6.6,6.6,'-',1,211,'2021-04-09 20:09:11','2021-04-09 20:09:11',NULL),(529,1,35.58,35.58,'AIDATA',1,212,'2021-04-09 20:09:11','2021-04-09 20:09:11',NULL),(530,13,45.5,3.5,'-',1,213,'2021-04-09 20:09:11','2021-04-09 20:09:11',NULL),(531,17,70.89,4.17,'-',1,214,'2021-04-09 20:09:11','2021-04-09 20:09:11',NULL),(532,3,750,250,'SAMGUNG',1,215,'2021-04-09 20:09:11','2021-04-09 20:09:11',NULL),(533,44,88,2,'-',1,216,'2021-04-09 20:09:11','2021-04-09 20:09:11',NULL),(534,10,21.88,2.188,'-',1,217,'2021-04-09 20:09:11','2021-04-09 20:09:11',NULL),(535,6,24,4,'-',1,218,'2021-04-09 20:09:11','2021-04-09 20:09:11',NULL),(536,18,40.5,2.25,'-',1,219,'2021-04-09 20:09:11','2021-04-09 20:09:11',NULL),(537,20,45,2.25,'-',1,219,'2021-04-09 20:09:11','2021-04-09 20:09:11',NULL),(538,2,70,35,'-',1,220,'2021-04-09 20:09:11','2021-04-09 20:09:11',NULL),(539,7,250,35.714285714286,'-',1,221,'2021-04-09 20:09:11','2021-04-09 20:09:11',NULL),(540,10,143,14.3,'-',1,222,'2021-04-09 20:09:11','2021-04-09 20:09:11',NULL),(541,16,48,3,'-',1,223,'2021-04-09 20:09:11','2021-04-09 20:09:11',NULL),(542,24,16.8,0.7,'-',1,224,'2021-04-09 20:09:11','2021-04-09 20:09:11',NULL),(543,40,60,1.5,'-',1,225,'2021-04-09 20:09:11','2021-04-09 20:09:11',NULL),(544,16,28.8,1.8,'-',1,225,'2021-04-09 20:09:11','2021-04-09 20:09:11',NULL),(545,6,40.22,6.7033333333333,'-',1,227,'2021-04-09 20:09:11','2021-04-09 20:09:11',NULL),(546,2,15,7.5,'-',1,228,'2021-04-09 20:09:11','2021-04-09 20:09:11',NULL),(547,44,440,10,'-',1,229,'2021-04-09 20:09:11','2021-04-09 20:09:11',NULL),(548,2,28,14,'-',1,230,'2021-04-09 20:09:11','2021-04-09 20:09:11',NULL),(549,66,31.68,0.48,'-',1,231,'2021-04-09 20:09:11','2021-04-09 20:09:11',NULL),(550,1,0.7,0.7,'-',1,232,'2021-04-09 20:09:11','2021-04-09 20:09:11',NULL),(551,41,20.5,0.5,'-',1,233,'2021-04-09 20:09:11','2021-04-09 20:09:11',NULL),(552,2,8,4,'ECOWORD',1,234,'2021-04-09 20:09:11','2021-04-09 20:09:11',NULL),(553,7,630,90,'EPSON',1,235,'2021-04-09 20:09:11','2021-04-09 20:09:11',NULL),(554,7,630,90,'EPSON',1,236,'2021-04-09 20:09:11','2021-04-09 20:09:11',NULL),(555,13,1170,90,'EPSON',1,237,'2021-04-09 20:09:11','2021-04-09 20:09:11',NULL),(556,6,540,90,'EPSON',1,238,'2021-04-09 20:09:11','2021-04-09 20:09:11',NULL),(557,18,54,3,'-',1,239,'2021-04-09 20:09:11','2021-04-09 20:09:11',NULL),(558,42,126,3,'-',1,240,'2021-04-09 20:09:11','2021-04-09 20:09:11',NULL),(559,3,9,3,'-',1,241,'2021-04-09 20:09:11','2021-04-09 20:09:11',NULL),(560,12,66,5.5,'-',1,241,'2021-04-09 20:09:11','2021-04-09 20:09:11',NULL),(561,15,110.77,7.3846666666667,'+',1,242,'2021-04-09 20:09:11','2021-04-09 20:09:11',NULL),(562,3,27.07,9.0233333333333,'-',1,243,'2021-04-09 20:09:11','2021-04-09 20:09:11',NULL),(563,13,2327,179,'-',1,244,'2021-04-09 20:09:11','2021-04-09 20:09:11',NULL),(564,2,476,238,'-',1,245,'2021-04-09 20:09:11','2021-04-09 20:09:11',NULL),(565,0,0,0,NULL,NULL,246,'2021-04-09 20:09:11','2021-04-09 20:09:11',NULL),(566,1,2547,2547,'-',1,247,'2021-04-09 20:09:11','2021-04-09 20:09:11',NULL),(567,1,1489,1489,'-',1,248,'2021-04-09 20:09:11','2021-04-09 20:09:11',NULL),(568,6,1920,320,'-',1,249,'2021-04-09 20:09:11','2021-04-09 20:09:11',NULL),(569,1,550,550,'hp',1,250,'2021-04-09 20:09:11','2021-04-09 20:09:11',NULL),(570,1,950,950,'HP',1,251,'2021-04-09 20:09:11','2021-04-09 20:09:11',NULL),(571,1,1000,1000,'HP',1,252,'2021-04-09 20:09:11','2021-04-09 20:09:11',NULL),(572,1,1700,1700,'HP',1,253,'2021-04-09 20:09:11','2021-04-09 20:09:11',NULL),(573,1,650,650,'SAMSUNG',1,254,'2021-04-09 20:09:11','2021-04-09 20:09:11',NULL),(574,1,680,680,'-',1,255,'2021-04-09 20:09:11','2021-04-09 20:09:11',NULL),(575,4,68.6,17.15,'-',1,256,'2021-04-09 20:09:11','2021-04-09 20:09:11',NULL),(576,7,10.5,1.5,'-',1,257,'2021-04-09 20:09:11','2021-04-09 20:09:11',NULL),(577,1,9,9,'-',1,258,'2021-04-09 20:09:11','2021-04-09 20:09:11',NULL),(578,1,5,5,'-',1,259,'2021-04-09 20:09:11','2021-04-09 20:09:11',NULL),(579,98,147,1.5,'-',1,260,'2021-04-09 20:09:11','2021-04-09 20:09:11',NULL),(580,1,12.38,12.38,'-',1,261,'2021-04-09 20:09:11','2021-04-09 20:09:11',NULL),(581,1,2.5,2.5,'-',1,262,'2021-04-09 20:09:11','2021-04-09 20:09:11',NULL),(582,1,28,28,'-',1,263,'2021-04-09 20:09:11','2021-04-09 20:09:11',NULL),(583,1,153,153,'-',1,264,'2021-04-09 20:09:11','2021-04-09 20:09:11',NULL),(584,20,33.7,1.685,'PANASONIC',1,265,'2021-04-09 20:09:11','2021-04-09 20:09:11',NULL),(585,1,5.01,5.01,'-',1,266,'2021-04-09 20:09:11','2021-04-09 20:09:11',NULL),(586,9,45,5,'-',1,267,'2021-04-09 20:09:11','2021-04-09 20:09:11',NULL),(587,6,60,10,'-',1,268,'2021-04-09 20:09:11','2021-04-09 20:09:11',NULL),(588,2,40,20,'-',1,269,'2021-04-09 20:09:11','2021-04-09 20:09:11',NULL),(589,6,132,22,'-',1,270,'2021-04-09 20:09:11','2021-04-09 20:09:11',NULL),(590,1,15,15,'-',1,271,'2021-04-09 20:09:11','2021-04-09 20:09:11',NULL),(591,1,25,25,'-',1,272,'2021-04-09 20:09:11','2021-04-09 20:09:11',NULL),(592,4,32,8,'-',1,273,'2021-04-09 20:09:11','2021-04-09 20:09:11',NULL),(593,3,55.5,18.5,'-',1,274,'2021-04-09 20:09:11','2021-04-09 20:09:11',NULL),(594,5,290,58,'-',1,275,'2021-04-09 20:09:11','2021-04-09 20:09:11',NULL),(595,10000,610.4380952381,0.06104380952381,'-',4,276,'2021-04-09 20:09:11','2021-04-09 20:09:11',NULL),(596,2,951.22,475.61,'-',1,277,'2021-04-09 20:09:11','2021-04-09 20:09:11',NULL),(597,300,78,0.26,'-',14,278,'2021-04-09 20:09:11','2021-04-09 20:09:11',NULL),(598,0,0,0,NULL,NULL,226,'2021-04-09 20:09:11','2021-04-09 20:09:11',NULL);
/*!40000 ALTER TABLE `lote` ENABLE KEYS */;
UNLOCK TABLES;

--
-- Table structure for table `migrations`
--

DROP TABLE IF EXISTS `migrations`;
/*!40101 SET @saved_cs_client     = @@character_set_client */;
/*!50503 SET character_set_client = utf8mb4 */;
CREATE TABLE `migrations` (
  `id` int(10) unsigned NOT NULL AUTO_INCREMENT,
  `migration` varchar(191) CHARACTER SET utf8mb4 COLLATE utf8mb4_unicode_ci NOT NULL,
  `batch` int(11) NOT NULL,
  PRIMARY KEY (`id`)
) ENGINE=InnoDB AUTO_INCREMENT=7 DEFAULT CHARSET=utf8mb4 COLLATE=utf8mb4_unicode_ci;
/*!40101 SET character_set_client = @saved_cs_client */;

--
-- Dumping data for table `migrations`
--

LOCK TABLES `migrations` WRITE;
/*!40000 ALTER TABLE `migrations` DISABLE KEYS */;
INSERT INTO `migrations` VALUES (1,'2014_10_12_000000_create_users_table',1),(2,'2020_04_04_223859_create_proveedors_table',1),(3,'2020_05_16_041131_create_articulos_table',1),(4,'2020_10_06_234621_create_ingreso_table',1),(5,'2020_10_07_043905_create_salida_table',1),(6,'2020_10_27_023314_create_trigger',1);
/*!40000 ALTER TABLE `migrations` ENABLE KEYS */;
UNLOCK TABLES;

--
-- Table structure for table `partida`
--

DROP TABLE IF EXISTS `partida`;
/*!40101 SET @saved_cs_client     = @@character_set_client */;
/*!50503 SET character_set_client = utf8mb4 */;
CREATE TABLE `partida` (
  `id` bigint(20) unsigned NOT NULL AUTO_INCREMENT,
  `nombre` varchar(155) CHARACTER SET utf8mb4 COLLATE utf8mb4_unicode_ci NOT NULL,
  `codigo` varchar(6) CHARACTER SET utf8mb4 COLLATE utf8mb4_unicode_ci NOT NULL,
  `descripcion` varchar(255) CHARACTER SET utf8mb4 COLLATE utf8mb4_unicode_ci DEFAULT NULL,
  `created_at` timestamp NULL DEFAULT NULL,
  `updated_at` timestamp NULL DEFAULT NULL,
  `deleted_at` timestamp NULL DEFAULT NULL,
  PRIMARY KEY (`id`),
  UNIQUE KEY `partida_codigo_unique` (`codigo`)
) ENGINE=InnoDB AUTO_INCREMENT=20 DEFAULT CHARSET=utf8mb4 COLLATE=utf8mb4_unicode_ci;
/*!40101 SET character_set_client = @saved_cs_client */;

--
-- Dumping data for table `partida`
--

LOCK TABLES `partida` WRITE;
/*!40000 ALTER TABLE `partida` DISABLE KEYS */;
INSERT INTO `partida` VALUES (1,'Servicios de Imprenta, Fotocopiado y Fotográficos','25600','Gastos que se realizan por trabajos de: Membretados, folders, y todo que se relacionado a impresiones','2021-01-10 04:25:48','2021-02-10 14:57:42',NULL),(2,'Productos Agrícolas, Pecuarios y Forestales','31300','Gastos para la adquisición de granos básicos, frutas y flores silvestres, goma, caña,\nsemillas y otros productos agroforestales y agropecuarios en bruto;','2021-01-10 04:27:36','2021-01-10 04:27:36',NULL),(3,'Papel','32100','Gastos destinados a la adquisición de papel de escritorio y otros','2021-01-10 04:28:32','2021-01-10 04:28:32',NULL),(4,'Productos de Artes Gráficas','32200','Gastos para la adquisición de productos de artes gráficas y otros relacionados. Incluye\ngastos destinados a la adquisición de artículos hechos de papel y cartón.','2021-01-10 04:29:07','2021-01-10 04:29:07',NULL),(5,'Combustibles, Lubricantes y Derivados para consumo','34110','Gastos para la adquisición de petróleo crudo y parcialmente refinado, gasolina, kerosene,\nalcohol, aceites, grasas, fuel-oil, diesel, alquitrán, energía eléctrica y otros, como gas y\ncemento asfáltico.','2021-01-10 04:30:13','2021-01-10 04:30:13',NULL),(6,'Productos Químicos y Farmacéuticos','34200','Gastos para la adquisición de compuestos químicos, tales como ácidos, sales, bases\nindustriales, salitres, calcáreos, pinturas, colorantes, pulimentos','2021-01-10 04:33:23','2021-01-10 04:33:23',NULL),(7,'Productos de Minerales no Metálicos y Plásticos','34500','Gastos por la adquisición de productos de arcilla como macetas, floreros, ceniceros,\nadornos y otros.','2021-01-10 04:34:28','2021-01-10 04:35:15',NULL),(8,'Productos Metálicos','34600','Gastos destinados a la adquisición de lingotes, planchas, planchones, hojalata, perfiles,\nalambres, varillas y otros,','2021-01-10 04:35:08','2021-01-10 04:35:08',NULL),(9,'Herramientas Menores','34800','Gastos para la adquisición de herramientas y equipos menores para uso agropecuario,\nindustrial, de transporte, de construcción,','2021-01-10 04:35:56','2021-01-10 04:35:56',NULL),(10,'Material de Limpieza e Higiene','39100','Gastos destinados a la adquisición de materiales como jabones, detergentes,\ndesinfectantes, paños, ceras, cepillos, escobas y otros.','2021-01-10 04:36:24','2021-01-10 04:36:24',NULL),(11,'Útiles de Escritorio y Oficina','39500','Gastos destinados a la adquisición de útiles de escritorio como ser: tintas, lápices, bolígrafos, engrapadoras.','2021-01-10 04:37:32','2021-01-10 04:37:32',NULL),(12,'Útiles y Materiales Eléctricos','39700','-','2021-01-10 04:41:15','2021-01-10 04:41:15',NULL),(14,'LLANTAS Y NEUMÁTICOS','34300','Gastos destinados a la compra de aros, llantas y neumaticos para la utilización en los equipos de traccion, etc.','2021-01-12 17:11:24','2021-01-12 17:11:24',NULL),(15,'PRODUCTOS DE CUERO Y CAUCHO','34400','Gastos destinados a la compra de cueros, pieles, portafolios y otros. confeccionados con cuero. ademas articulos elaborados con caucho.','2021-01-12 17:14:01','2021-01-12 17:14:01',NULL),(17,'Otros repuestos y accesorios','39800','Gastos destinados a la compra de repuestos y accesorios para los equipos comprendidos en el subGrupo 43000','2010-01-01 06:13:10','2010-01-01 06:13:10',NULL),(19,'Útiles Educacionales, Culturales y de Capacitación','39600','Gastos destinados a la compra de útiles y materiales de apoyo educacional, cultural y de\ncapacitación.','2021-01-17 02:00:26','2021-01-17 02:00:26',NULL);
/*!40000 ALTER TABLE `partida` ENABLE KEYS */;
UNLOCK TABLES;

--
-- Table structure for table `periodo`
--

DROP TABLE IF EXISTS `periodo`;
/*!40101 SET @saved_cs_client     = @@character_set_client */;
/*!50503 SET character_set_client = utf8mb4 */;
CREATE TABLE `periodo` (
  `id` bigint(20) unsigned NOT NULL AUTO_INCREMENT,
  `nombre` varchar(100) CHARACTER SET utf8mb4 COLLATE utf8mb4_unicode_ci NOT NULL,
  `fecha_inicio` date NOT NULL,
  `fecha_fin` date NOT NULL,
  `estado` enum('EN CURSO','FINALIZADO') CHARACTER SET utf8mb4 COLLATE utf8mb4_unicode_ci NOT NULL,
  `descripcion` text CHARACTER SET utf8mb4 COLLATE utf8mb4_unicode_ci,
  `created_at` timestamp NULL DEFAULT NULL,
  `updated_at` timestamp NULL DEFAULT NULL,
  `deleted_at` timestamp NULL DEFAULT NULL,
  PRIMARY KEY (`id`)
) ENGINE=InnoDB AUTO_INCREMENT=3 DEFAULT CHARSET=utf8mb4 COLLATE=utf8mb4_unicode_ci;
/*!40101 SET character_set_client = @saved_cs_client */;

--
-- Dumping data for table `periodo`
--

LOCK TABLES `periodo` WRITE;
/*!40000 ALTER TABLE `periodo` DISABLE KEYS */;
INSERT INTO `periodo` VALUES (1,'Gestion 2021','2021-01-01','2021-12-31','FINALIZADO','-','2021-01-16 07:15:16','2021-04-09 20:09:10','2021-04-09 20:09:10'),(2,'Gestion 2022','2022-01-01','2022-12-31','EN CURSO','-','2021-04-09 20:09:10','2021-04-09 20:09:10',NULL);
/*!40000 ALTER TABLE `periodo` ENABLE KEYS */;
UNLOCK TABLES;

--
-- Table structure for table `proveedor`
--

DROP TABLE IF EXISTS `proveedor`;
/*!40101 SET @saved_cs_client     = @@character_set_client */;
/*!50503 SET character_set_client = utf8mb4 */;
CREATE TABLE `proveedor` (
  `id` bigint(20) unsigned NOT NULL AUTO_INCREMENT,
  `nit` varchar(20) CHARACTER SET utf8mb4 COLLATE utf8mb4_unicode_ci NOT NULL,
  `nombre` varchar(155) CHARACTER SET utf8mb4 COLLATE utf8mb4_unicode_ci NOT NULL,
  `rubro` varchar(155) CHARACTER SET utf8mb4 COLLATE utf8mb4_unicode_ci DEFAULT NULL,
  `direccion` varchar(255) CHARACTER SET utf8mb4 COLLATE utf8mb4_unicode_ci DEFAULT NULL,
  `telefono` varchar(50) CHARACTER SET utf8mb4 COLLATE utf8mb4_unicode_ci DEFAULT NULL,
  `responsable` varchar(255) CHARACTER SET utf8mb4 COLLATE utf8mb4_unicode_ci DEFAULT NULL,
  `created_at` timestamp NULL DEFAULT NULL,
  `updated_at` timestamp NULL DEFAULT NULL,
  `deleted_at` timestamp NULL DEFAULT NULL,
  PRIMARY KEY (`id`),
  UNIQUE KEY `proveedor_nit_unique` (`nit`)
) ENGINE=InnoDB AUTO_INCREMENT=4 DEFAULT CHARSET=utf8mb4 COLLATE=utf8mb4_unicode_ci;
/*!40101 SET character_set_client = @saved_cs_client */;

--
-- Dumping data for table `proveedor`
--

LOCK TABLES `proveedor` WRITE;
/*!40000 ALTER TABLE `proveedor` DISABLE KEYS */;
INSERT INTO `proveedor` VALUES (1,'2528479016','INDUSTRIA GRAFICA SAGITARIO','SERVICIO DE IMPRENTA','CALLE LOA Nº 366','64-47724','JAVIER TICONA ARUQUIPA','2021-01-26 20:23:58','2021-01-26 20:23:58',NULL),(2,'1000755028','SURTIDOR SAN ANTONIO','COMBUSTIBLES','AV. JAIME MENDOZA Nº 260','64-61639','INVERSIONES JANA S.A.','2021-01-26 20:25:42','2021-01-26 20:25:42',NULL),(3,'141212365','LIBRERIA BAZAR GOMEZ','LIBRERIA Y PAPELERIA','Av. Maestro','4-644515','JUAN GOMEZ','2021-02-22 14:53:49','2021-02-22 14:53:49',NULL);
/*!40000 ALTER TABLE `proveedor` ENABLE KEYS */;
UNLOCK TABLES;

--
-- Table structure for table `salida`
--

DROP TABLE IF EXISTS `salida`;
/*!40101 SET @saved_cs_client     = @@character_set_client */;
/*!50503 SET character_set_client = utf8mb4 */;
CREATE TABLE `salida` (
  `id` bigint(20) unsigned NOT NULL AUTO_INCREMENT,
  `nro_salida` varchar(7) CHARACTER SET utf8mb4 COLLATE utf8mb4_unicode_ci NOT NULL,
  `nro_pedido` varchar(7) CHARACTER SET utf8mb4 COLLATE utf8mb4_unicode_ci NOT NULL,
  `finalidad` text CHARACTER SET utf8mb4 COLLATE utf8mb4_unicode_ci,
  `observacion` text CHARACTER SET utf8mb4 COLLATE utf8mb4_unicode_ci,
  `fecha_pedido` date DEFAULT NULL,
  `solicitante_id` bigint(20) unsigned NOT NULL,
  `usuario_id` bigint(20) unsigned NOT NULL,
  `autorizador_id` bigint(20) unsigned NOT NULL,
  `verificador_id` bigint(20) unsigned NOT NULL,
  `periodo_id` bigint(20) unsigned NOT NULL,
  `created_at` timestamp NULL DEFAULT NULL,
  `updated_at` timestamp NULL DEFAULT NULL,
  `deleted_at` timestamp NULL DEFAULT NULL,
  PRIMARY KEY (`id`),
  KEY `salida_solicitante_id_foreign` (`solicitante_id`),
  KEY `salida_usuario_id_foreign` (`usuario_id`),
  KEY `salida_autorizador_id_foreign` (`autorizador_id`),
  KEY `salida_verificador_id_foreign` (`verificador_id`),
  KEY `salida_periodo_id_foreign` (`periodo_id`),
  CONSTRAINT `salida_autorizador_id_foreign` FOREIGN KEY (`autorizador_id`) REFERENCES `funcionario` (`id`) ON DELETE RESTRICT ON UPDATE RESTRICT,
  CONSTRAINT `salida_periodo_id_foreign` FOREIGN KEY (`periodo_id`) REFERENCES `periodo` (`id`) ON DELETE RESTRICT ON UPDATE RESTRICT,
  CONSTRAINT `salida_solicitante_id_foreign` FOREIGN KEY (`solicitante_id`) REFERENCES `solicitante` (`id`) ON DELETE RESTRICT ON UPDATE RESTRICT,
  CONSTRAINT `salida_usuario_id_foreign` FOREIGN KEY (`usuario_id`) REFERENCES `usuario` (`id_usuario`) ON DELETE RESTRICT ON UPDATE RESTRICT,
  CONSTRAINT `salida_verificador_id_foreign` FOREIGN KEY (`verificador_id`) REFERENCES `funcionario` (`id`) ON DELETE RESTRICT ON UPDATE RESTRICT
) ENGINE=InnoDB AUTO_INCREMENT=8 DEFAULT CHARSET=utf8mb4 COLLATE=utf8mb4_unicode_ci;
/*!40101 SET character_set_client = @saved_cs_client */;

--
-- Dumping data for table `salida`
--

LOCK TABLES `salida` WRITE;
/*!40000 ALTER TABLE `salida` DISABLE KEYS */;
INSERT INTO `salida` VALUES (1,'001','001594','Para limpieza de Direccion Administrativa y baño varones','-','2021-01-04',18,1,4,1,1,'2021-01-04 18:12:05','2021-01-04 18:12:05',NULL),(2,'002','001595','Limpieza estadio Sucre',NULL,'2021-01-04',19,1,4,1,1,'2021-01-04 18:28:24','2021-01-04 18:28:24',NULL),(3,'003','1596','USO DE OFICINA',NULL,'2021-01-04',10,1,4,1,1,'2021-01-04 18:38:02','2021-01-04 18:38:02',NULL),(4,'004','1597','USO DE OFICINA Y PRUEBAS DE APTITUD',NULL,'2021-01-04',5,1,4,1,1,'2021-01-04 18:52:25','2021-01-04 18:52:25',NULL),(5,'005','1598','Desinfección  a Estudiantes, Postulantes y Publico que ingresa a la institución, Desinfección de recintos de pruebas de aptitud',NULL,'2021-01-04',8,1,4,1,1,'2021-01-04 19:10:21','2021-01-04 19:10:21',NULL),(6,'006','1015','USO DE OFICINA',NULL,'2021-02-22',7,1,4,1,1,'2021-02-22 15:38:30','2021-02-22 15:38:30',NULL),(7,'007','1225','Uso de oficina','-','2021-04-09',14,1,4,1,1,'2021-04-09 20:03:16','2021-04-09 20:03:16',NULL);
/*!40000 ALTER TABLE `salida` ENABLE KEYS */;
UNLOCK TABLES;
/*!50003 SET @saved_cs_client      = @@character_set_client */ ;
/*!50003 SET @saved_cs_results     = @@character_set_results */ ;
/*!50003 SET @saved_col_connection = @@collation_connection */ ;
/*!50003 SET character_set_client  = utf8mb4 */ ;
/*!50003 SET character_set_results = utf8mb4 */ ;
/*!50003 SET collation_connection  = utf8mb4_0900_ai_ci */ ;
/*!50003 SET @saved_sql_mode       = @@sql_mode */ ;
/*!50003 SET sql_mode              = 'NO_AUTO_VALUE_ON_ZERO' */ ;
DELIMITER ;;
/*!50003 CREATE*/ /*!50017 DEFINER=`root`@`localhost`*/ /*!50003 TRIGGER `NS_SALIDA_TRIGGER` BEFORE INSERT ON `salida` FOR EACH ROW BEGIN

                DECLARE IA INT;

                SET IA = (SELECT COUNT(*)+1 FROM salida WHERE periodo_id = NEW.periodo_id AND deleted_at IS NULL );

                IF(IA<10)THEN

                    IF NOT EXISTS( SELECT 1 FROM salida WHERE nro_salida = CONCAT('00',IA) AND periodo_id = NEW.periodo_id AND deleted_at IS NULL) THEN

                        SET NEW.nro_salida = CONCAT('00',IA);

                    ELSE

                        SET IA = IA+1;

                        SET NEW.nro_salida = CONCAT('00',IA);

                    END IF;

                    ELSE IF(IA<100) THEN

                           IF NOT EXISTS( SELECT 1 FROM salida WHERE nro_salida = CONCAT('0',IA) AND periodo_id = NEW.periodo_id AND deleted_at IS NULL)THEN

                                SET NEW.nro_salida = CONCAT('0',IA);

                           ELSE

                                SET IA = IA+1;

                                SET NEW.nro_salida = CONCAT('0',IA);

                            END IF;

                        ELSE IF(IA<1000)THEN

                                IF NOT EXISTS(SELECT 1 FROM salida WHERE nro_salida = IA AND periodo_id = NEW.periodo_id AND deleted_at IS NULL ) THEN

                                SET NEW.nro_salida = IA;

                            ELSE

                                SET IA = IA+1;

                                SET NEW.nro_salida = IA;

                             END IF;

                        END IF;

                    END IF;

                END IF;

            END */;;
DELIMITER ;
/*!50003 SET sql_mode              = @saved_sql_mode */ ;
/*!50003 SET character_set_client  = @saved_cs_client */ ;
/*!50003 SET character_set_results = @saved_cs_results */ ;
/*!50003 SET collation_connection  = @saved_col_connection */ ;

--
-- Table structure for table `solicitante`
--

DROP TABLE IF EXISTS `solicitante`;
/*!40101 SET @saved_cs_client     = @@character_set_client */;
/*!50503 SET character_set_client = utf8mb4 */;
CREATE TABLE `solicitante` (
  `id` bigint(20) unsigned NOT NULL AUTO_INCREMENT,
  `funcionario_id` bigint(20) unsigned NOT NULL,
  `cargo` varchar(150) CHARACTER SET utf8mb4 COLLATE utf8mb4_unicode_ci NOT NULL,
  `unidad_id` bigint(20) unsigned NOT NULL,
  `created_at` timestamp NULL DEFAULT NULL,
  `updated_at` timestamp NULL DEFAULT NULL,
  `deleted_at` timestamp NULL DEFAULT NULL,
  PRIMARY KEY (`id`),
  KEY `solicitante_funcionario_id_foreign` (`funcionario_id`),
  KEY `solicitante_unidad_id_foreign` (`unidad_id`),
  CONSTRAINT `solicitante_funcionario_id_foreign` FOREIGN KEY (`funcionario_id`) REFERENCES `funcionario` (`id`) ON DELETE CASCADE ON UPDATE CASCADE,
  CONSTRAINT `solicitante_unidad_id_foreign` FOREIGN KEY (`unidad_id`) REFERENCES `unidad` (`id`) ON DELETE CASCADE ON UPDATE CASCADE
) ENGINE=InnoDB AUTO_INCREMENT=27 DEFAULT CHARSET=utf8mb4 COLLATE=utf8mb4_unicode_ci;
/*!40101 SET character_set_client = @saved_cs_client */;

--
-- Dumping data for table `solicitante`
--

LOCK TABLES `solicitante` WRITE;
/*!40000 ALTER TABLE `solicitante` DISABLE KEYS */;
INSERT INTO `solicitante` VALUES (1,2,'Director General',1,'2021-01-18 22:37:28','2021-01-18 22:37:28',NULL),(2,3,'Director Académico',2,'2021-01-18 22:38:01','2021-01-18 22:38:01',NULL),(3,4,'Director Administrativo Financiero',3,'2021-01-18 22:38:39','2021-01-18 22:38:39',NULL),(4,5,'Coordinador Académico',4,'2021-01-18 22:39:25','2021-01-18 22:39:25',NULL),(5,6,'Coordinador Académico',4,'2021-01-18 22:39:42','2021-01-18 22:39:42',NULL),(6,7,'Tec. de Biblioteca',5,'2021-01-18 22:40:08','2021-01-18 22:40:08',NULL),(7,8,'Tec. Inf. de Sistemas y Soporte',6,'2021-01-18 22:40:50','2021-01-18 22:40:50',NULL),(8,1,'Responsable de Bienes y Servicios',7,'2021-01-18 22:41:45','2021-01-18 22:41:45',NULL),(9,9,'Responsable de Presupuesto y Contabilidad',8,'2021-01-18 22:42:16','2021-01-18 22:42:16',NULL),(10,10,'Tec. Cajero',9,'2021-01-18 22:42:31','2021-01-18 22:42:31',NULL),(11,11,'Secretaria Dir. Académica',10,'2021-01-18 22:43:27','2021-01-18 22:43:27',NULL),(12,12,'Secretaria Dir. General',11,'2021-01-18 22:43:49','2021-01-18 22:43:49',NULL),(13,13,'Secretaria Dir. Administrativa y Financiera',3,'2021-01-18 22:45:17','2021-01-18 22:45:17',NULL),(14,14,'Responsable de Archivo y Kardex',12,'2021-01-18 22:45:42','2021-01-18 22:45:42',NULL),(15,15,'Asesor Jurídico',13,'2021-01-18 22:46:00','2021-01-18 22:46:00',NULL),(16,16,'Responsable de Salud Preventiva',14,'2021-01-18 22:46:29','2021-01-18 22:46:29',NULL),(17,17,'Personal de Limpieza',15,'2021-01-18 22:46:56','2021-01-18 22:46:56',NULL),(18,18,'Personal de Limpieza',15,'2021-01-18 22:47:09','2021-01-18 22:47:09',NULL),(19,19,'PORT. EST. SUCRE',16,'2021-01-18 22:47:43','2021-01-18 22:47:43',NULL),(20,20,'Personal de Limpieza',15,'2021-01-18 22:48:08','2021-01-18 22:48:08',NULL),(21,21,'PORTERO',16,'2021-01-18 22:48:50','2021-01-04 17:44:19',NULL),(22,22,'Personal de servicios multiples',17,'2021-01-18 22:49:08','2021-01-18 22:49:08',NULL),(23,23,'PORTERO',16,'2021-01-18 22:49:39','2021-01-04 17:44:00',NULL),(24,24,'Personal de Servicios Multiples',17,'2021-01-18 22:50:11','2021-01-18 22:50:11',NULL),(25,25,'Personal de Limpieza',15,'2021-01-18 22:50:33','2021-01-18 22:50:33',NULL),(26,26,'PORTERO',16,'2021-01-18 22:51:00','2021-01-04 17:43:50',NULL);
/*!40000 ALTER TABLE `solicitante` ENABLE KEYS */;
UNLOCK TABLES;

--
-- Table structure for table `unidad`
--

DROP TABLE IF EXISTS `unidad`;
/*!40101 SET @saved_cs_client     = @@character_set_client */;
/*!50503 SET character_set_client = utf8mb4 */;
CREATE TABLE `unidad` (
  `id` bigint(20) unsigned NOT NULL AUTO_INCREMENT,
  `nombre` varchar(100) CHARACTER SET utf8mb4 COLLATE utf8mb4_unicode_ci NOT NULL,
  `funcionario_id` bigint(20) unsigned DEFAULT NULL,
  `created_at` timestamp NULL DEFAULT NULL,
  `updated_at` timestamp NULL DEFAULT NULL,
  `deleted_at` timestamp NULL DEFAULT NULL,
  PRIMARY KEY (`id`),
  UNIQUE KEY `unidad_nombre_unique` (`nombre`),
  KEY `unidad_funcionario_id_foreign` (`funcionario_id`),
  CONSTRAINT `unidad_funcionario_id_foreign` FOREIGN KEY (`funcionario_id`) REFERENCES `funcionario` (`id`) ON DELETE RESTRICT ON UPDATE CASCADE
) ENGINE=InnoDB AUTO_INCREMENT=18 DEFAULT CHARSET=utf8mb4 COLLATE=utf8mb4_unicode_ci;
/*!40101 SET character_set_client = @saved_cs_client */;

--
-- Dumping data for table `unidad`
--

LOCK TABLES `unidad` WRITE;
/*!40000 ALTER TABLE `unidad` DISABLE KEYS */;
INSERT INTO `unidad` VALUES (1,'DIRECCIÓN GENERAL',2,'2021-01-15 16:55:04','2021-01-15 16:55:04',NULL),(2,'DIRECCIÓN ACADÉMICA',3,'2021-01-15 16:55:50','2021-01-15 16:55:50',NULL),(3,'DIR. Y ADMINISTRACIÓN FINANCIERA',4,'2021-01-15 16:56:33','2021-01-15 16:56:33',NULL),(4,'COORDINACIÓN ACADÉMICA',5,'2021-01-15 16:56:55','2021-01-15 16:56:55',NULL),(5,'BIBLIOTECA',7,'2021-01-15 16:57:08','2021-01-15 16:57:08',NULL),(6,'SISTEMAS Y SOPORTE TÉCNICO',8,'2021-01-15 16:57:36','2021-01-15 16:57:36',NULL),(7,'BIENES Y SERVICIOS',1,'2021-01-15 16:57:48','2021-01-15 16:57:48',NULL),(8,'PRESUPUESTOS Y CONTABILIDAD',9,'2021-01-15 16:58:09','2021-01-15 16:58:09',NULL),(9,'CAJA',10,'2021-01-15 16:58:30','2021-01-15 16:58:30',NULL),(10,'SECRETARIA DIR. ACADÉMICA',11,'2021-01-15 17:00:09','2021-01-15 17:00:09',NULL),(11,'SECRETARÍA DIR. GENERAL',12,'2021-01-15 17:00:23','2021-01-15 17:00:23',NULL),(12,'ARCHIVOS Y KARDEX',14,'2021-01-15 17:01:21','2021-01-15 17:01:21',NULL),(13,'ASESORÍA JURÍDICA',15,'2021-01-15 17:01:40','2021-01-15 17:01:40',NULL),(14,'SALUD PREVENTIVA',16,'2021-01-15 17:01:54','2021-01-15 17:01:54',NULL),(15,'SERVICIO DE LIMPIEZA',1,'2021-01-15 17:02:09','2021-01-15 17:02:09',NULL),(16,'SERVICIO DE PORTERIA',1,'2021-01-15 17:02:22','2021-01-15 17:02:22',NULL),(17,'SERVICIOS MULTIPLES',1,'2021-01-15 17:02:33','2021-01-15 17:02:33',NULL);
/*!40000 ALTER TABLE `unidad` ENABLE KEYS */;
UNLOCK TABLES;

--
-- Table structure for table `unidad_medida`
--

DROP TABLE IF EXISTS `unidad_medida`;
/*!40101 SET @saved_cs_client     = @@character_set_client */;
/*!50503 SET character_set_client = utf8mb4 */;
CREATE TABLE `unidad_medida` (
  `id` bigint(20) unsigned NOT NULL AUTO_INCREMENT,
  `sigla` varchar(6) CHARACTER SET utf8mb4 COLLATE utf8mb4_unicode_ci NOT NULL,
  `nombre` varchar(100) CHARACTER SET utf8mb4 COLLATE utf8mb4_unicode_ci NOT NULL,
  `descripcion` text CHARACTER SET utf8mb4 COLLATE utf8mb4_unicode_ci,
  `created_at` timestamp NULL DEFAULT NULL,
  `updated_at` timestamp NULL DEFAULT NULL,
  `deleted_at` timestamp NULL DEFAULT NULL,
  PRIMARY KEY (`id`)
) ENGINE=InnoDB AUTO_INCREMENT=22 DEFAULT CHARSET=utf8mb4 COLLATE=utf8mb4_unicode_ci;
/*!40101 SET character_set_client = @saved_cs_client */;

--
-- Dumping data for table `unidad_medida`
--

LOCK TABLES `unidad_medida` WRITE;
/*!40000 ALTER TABLE `unidad_medida` DISABLE KEYS */;
INSERT INTO `unidad_medida` VALUES (1,'Pz','PIEZA','-','2021-01-10 13:10:22','2021-01-04 19:12:03',NULL),(2,'U.','UNIDAD','-','2021-01-10 13:11:22','2021-01-10 13:11:22',NULL),(3,'FL','FOLDER','-','2021-01-10 13:14:18','2021-01-10 13:14:18',NULL),(4,'hj','HOJA','-','2021-01-13 14:52:27','2021-01-13 14:52:27',NULL),(5,'bloq','BLOQUE','-','2021-01-13 14:53:05','2021-01-13 14:53:05',NULL),(6,'paq.','PAQUETE','-','2021-01-13 14:53:21','2021-01-13 14:53:21',NULL),(7,'pli.','PLIEGO','-','2021-01-13 14:53:38','2021-01-13 14:53:38',NULL),(8,'roll.','ROLLO','-','2021-01-13 14:53:56','2021-01-13 14:53:56',NULL),(9,'caj.','CAJA','-','2021-01-13 14:54:14','2021-01-13 14:54:14',NULL),(10,'bot.','BOTE','-','2021-01-13 14:54:25','2021-01-13 14:54:25',NULL),(11,'gln.','GALÓN','-','2021-01-13 14:54:38','2021-01-13 14:54:38',NULL),(12,'Mts.','METRO','-','2021-01-13 14:55:06','2021-01-13 14:55:06',NULL),(13,'Kg','KILO','-','2021-01-13 14:55:26','2021-01-13 14:55:26',NULL),(14,'lam.','LAMINA','-','2021-01-13 14:55:56','2021-01-13 14:55:56',NULL),(15,'cjta','CAJITA','-','2021-01-13 14:56:05','2021-01-13 14:56:05',NULL),(16,'Lata','LATA','-','2021-01-13 19:41:46','2021-01-13 19:41:46',NULL),(17,'balde','BALDE','-','2021-01-13 19:46:03','2021-01-13 19:46:03',NULL),(18,'par','PAR','-','2021-01-13 19:48:05','2021-01-13 19:48:05',NULL),(19,'bolsa','BOLSA','-','2021-01-13 19:52:30','2021-01-13 19:52:30',NULL),(20,'juego','JUEGO','-','2021-01-13 19:57:08','2021-01-13 19:57:08',NULL),(21,'barra','BARRA','-','2021-01-16 06:29:35','2021-01-16 06:29:35',NULL);
/*!40000 ALTER TABLE `unidad_medida` ENABLE KEYS */;
UNLOCK TABLES;

--
-- Table structure for table `usuario`
--

DROP TABLE IF EXISTS `usuario`;
/*!40101 SET @saved_cs_client     = @@character_set_client */;
/*!50503 SET character_set_client = utf8mb4 */;
CREATE TABLE `usuario` (
  `id_usuario` bigint(20) unsigned NOT NULL,
  `username` varchar(30) CHARACTER SET utf8mb4 COLLATE utf8mb4_unicode_ci NOT NULL,
  `password` varchar(100) CHARACTER SET utf8mb4 COLLATE utf8mb4_unicode_ci NOT NULL,
  `rol` enum('ADMINISTRADOR','INVITADO') CHARACTER SET utf8mb4 COLLATE utf8mb4_unicode_ci NOT NULL,
  `remember_token` varchar(100) CHARACTER SET utf8mb4 COLLATE utf8mb4_unicode_ci DEFAULT NULL,
  `created_at` timestamp NULL DEFAULT NULL,
  `updated_at` timestamp NULL DEFAULT NULL,
  `deleted_at` timestamp NULL DEFAULT NULL,
  PRIMARY KEY (`id_usuario`),
  UNIQUE KEY `usuario_username_unique` (`username`),
  CONSTRAINT `usuario_id_usuario_foreign` FOREIGN KEY (`id_usuario`) REFERENCES `funcionario` (`id`) ON DELETE CASCADE ON UPDATE CASCADE
) ENGINE=InnoDB DEFAULT CHARSET=utf8mb4 COLLATE=utf8mb4_unicode_ci;
/*!40101 SET character_set_client = @saved_cs_client */;

--
-- Dumping data for table `usuario`
--

LOCK TABLES `usuario` WRITE;
/*!40000 ALTER TABLE `usuario` DISABLE KEYS */;
INSERT INTO `usuario` VALUES (1,'10342838','$2y$10$XglGnKRovRHZfgKDBuNPgeiXCRDfQ2WQbZjV.KIFZfuOPSKSwAI6u','ADMINISTRADOR',NULL,'2021-01-10 03:47:05','2021-01-26 20:20:05',NULL);
/*!40000 ALTER TABLE `usuario` ENABLE KEYS */;
UNLOCK TABLES;
/*!40103 SET TIME_ZONE=@OLD_TIME_ZONE */;

/*!40101 SET SQL_MODE=@OLD_SQL_MODE */;
/*!40014 SET FOREIGN_KEY_CHECKS=@OLD_FOREIGN_KEY_CHECKS */;
/*!40014 SET UNIQUE_CHECKS=@OLD_UNIQUE_CHECKS */;
/*!40101 SET CHARACTER_SET_CLIENT=@OLD_CHARACTER_SET_CLIENT */;
/*!40101 SET CHARACTER_SET_RESULTS=@OLD_CHARACTER_SET_RESULTS */;
/*!40101 SET COLLATION_CONNECTION=@OLD_COLLATION_CONNECTION */;
/*!40111 SET SQL_NOTES=@OLD_SQL_NOTES */;

-- Dump completed on 2021-04-09 16:09:36
